--
-- PostgreSQL database dump
--

-- Dumped from database version 11.18 (Ubuntu 11.18-1.pgdg22.04+1)
-- Dumped by pg_dump version 11.18 (Ubuntu 11.18-1.pgdg22.04+1)

SET statement_timeout = 0;
SET lock_timeout = 0;
SET idle_in_transaction_session_timeout = 0;
SET client_encoding = 'UTF8';
SET standard_conforming_strings = on;
SELECT pg_catalog.set_config('search_path', '', false);
SET check_function_bodies = false;
SET xmloption = content;
SET client_min_messages = warning;
SET row_security = off;

SET default_tablespace = '';

SET default_with_oids = false;

--
-- Name: account_emailaddress; Type: TABLE; Schema: public; Owner: generaladmin
--

CREATE TABLE public.account_emailaddress (
    id integer NOT NULL,
    email character varying(254) NOT NULL,
    verified boolean NOT NULL,
    "primary" boolean NOT NULL,
    user_id bigint NOT NULL
);


ALTER TABLE public.account_emailaddress OWNER TO generaladmin;

--
-- Name: account_emailaddress_id_seq; Type: SEQUENCE; Schema: public; Owner: generaladmin
--

ALTER TABLE public.account_emailaddress ALTER COLUMN id ADD GENERATED BY DEFAULT AS IDENTITY (
    SEQUENCE NAME public.account_emailaddress_id_seq
    START WITH 1
    INCREMENT BY 1
    NO MINVALUE
    NO MAXVALUE
    CACHE 1
);


--
-- Name: account_emailconfirmation; Type: TABLE; Schema: public; Owner: generaladmin
--

CREATE TABLE public.account_emailconfirmation (
    id integer NOT NULL,
    created timestamp with time zone NOT NULL,
    sent timestamp with time zone,
    key character varying(64) NOT NULL,
    email_address_id integer NOT NULL
);


ALTER TABLE public.account_emailconfirmation OWNER TO generaladmin;

--
-- Name: account_emailconfirmation_id_seq; Type: SEQUENCE; Schema: public; Owner: generaladmin
--

ALTER TABLE public.account_emailconfirmation ALTER COLUMN id ADD GENERATED BY DEFAULT AS IDENTITY (
    SEQUENCE NAME public.account_emailconfirmation_id_seq
    START WITH 1
    INCREMENT BY 1
    NO MINVALUE
    NO MAXVALUE
    CACHE 1
);


--
-- Name: auth_group; Type: TABLE; Schema: public; Owner: generaladmin
--

CREATE TABLE public.auth_group (
    id integer NOT NULL,
    name character varying(150) NOT NULL
);


ALTER TABLE public.auth_group OWNER TO generaladmin;

--
-- Name: auth_group_id_seq; Type: SEQUENCE; Schema: public; Owner: generaladmin
--

ALTER TABLE public.auth_group ALTER COLUMN id ADD GENERATED BY DEFAULT AS IDENTITY (
    SEQUENCE NAME public.auth_group_id_seq
    START WITH 1
    INCREMENT BY 1
    NO MINVALUE
    NO MAXVALUE
    CACHE 1
);


--
-- Name: auth_group_permissions; Type: TABLE; Schema: public; Owner: generaladmin
--

CREATE TABLE public.auth_group_permissions (
    id bigint NOT NULL,
    group_id integer NOT NULL,
    permission_id integer NOT NULL
);


ALTER TABLE public.auth_group_permissions OWNER TO generaladmin;

--
-- Name: auth_group_permissions_id_seq; Type: SEQUENCE; Schema: public; Owner: generaladmin
--

ALTER TABLE public.auth_group_permissions ALTER COLUMN id ADD GENERATED BY DEFAULT AS IDENTITY (
    SEQUENCE NAME public.auth_group_permissions_id_seq
    START WITH 1
    INCREMENT BY 1
    NO MINVALUE
    NO MAXVALUE
    CACHE 1
);


--
-- Name: auth_permission; Type: TABLE; Schema: public; Owner: generaladmin
--

CREATE TABLE public.auth_permission (
    id integer NOT NULL,
    name character varying(255) NOT NULL,
    content_type_id integer NOT NULL,
    codename character varying(100) NOT NULL
);


ALTER TABLE public.auth_permission OWNER TO generaladmin;

--
-- Name: auth_permission_id_seq; Type: SEQUENCE; Schema: public; Owner: generaladmin
--

ALTER TABLE public.auth_permission ALTER COLUMN id ADD GENERATED BY DEFAULT AS IDENTITY (
    SEQUENCE NAME public.auth_permission_id_seq
    START WITH 1
    INCREMENT BY 1
    NO MINVALUE
    NO MAXVALUE
    CACHE 1
);


--
-- Name: authentication_user; Type: TABLE; Schema: public; Owner: generaladmin
--

CREATE TABLE public.authentication_user (
    id bigint NOT NULL,
    password character varying(128) NOT NULL,
    last_login timestamp with time zone,
    is_superuser boolean NOT NULL,
    username character varying(150) NOT NULL,
    first_name character varying(150) NOT NULL,
    last_name character varying(150) NOT NULL,
    is_staff boolean NOT NULL,
    is_active boolean NOT NULL,
    date_joined timestamp with time zone NOT NULL,
    email character varying(254),
    phone_number character varying(100) NOT NULL,
    date_of_birth date,
    gender character varying(1)
);


ALTER TABLE public.authentication_user OWNER TO generaladmin;

--
-- Name: authentication_user_groups; Type: TABLE; Schema: public; Owner: generaladmin
--

CREATE TABLE public.authentication_user_groups (
    id bigint NOT NULL,
    user_id bigint NOT NULL,
    group_id integer NOT NULL
);


ALTER TABLE public.authentication_user_groups OWNER TO generaladmin;

--
-- Name: authentication_user_groups_id_seq; Type: SEQUENCE; Schema: public; Owner: generaladmin
--

ALTER TABLE public.authentication_user_groups ALTER COLUMN id ADD GENERATED BY DEFAULT AS IDENTITY (
    SEQUENCE NAME public.authentication_user_groups_id_seq
    START WITH 1
    INCREMENT BY 1
    NO MINVALUE
    NO MAXVALUE
    CACHE 1
);


--
-- Name: authentication_user_id_seq; Type: SEQUENCE; Schema: public; Owner: generaladmin
--

ALTER TABLE public.authentication_user ALTER COLUMN id ADD GENERATED BY DEFAULT AS IDENTITY (
    SEQUENCE NAME public.authentication_user_id_seq
    START WITH 1
    INCREMENT BY 1
    NO MINVALUE
    NO MAXVALUE
    CACHE 1
);


--
-- Name: authentication_user_user_permissions; Type: TABLE; Schema: public; Owner: generaladmin
--

CREATE TABLE public.authentication_user_user_permissions (
    id bigint NOT NULL,
    user_id bigint NOT NULL,
    permission_id integer NOT NULL
);


ALTER TABLE public.authentication_user_user_permissions OWNER TO generaladmin;

--
-- Name: authentication_user_user_permissions_id_seq; Type: SEQUENCE; Schema: public; Owner: generaladmin
--

ALTER TABLE public.authentication_user_user_permissions ALTER COLUMN id ADD GENERATED BY DEFAULT AS IDENTITY (
    SEQUENCE NAME public.authentication_user_user_permissions_id_seq
    START WITH 1
    INCREMENT BY 1
    NO MINVALUE
    NO MAXVALUE
    CACHE 1
);


--
-- Name: cart_cart; Type: TABLE; Schema: public; Owner: generaladmin
--

CREATE TABLE public.cart_cart (
    id bigint NOT NULL,
    status character varying(10) NOT NULL,
    user_id bigint,
    created timestamp with time zone NOT NULL,
    updated timestamp with time zone,
    token character varying(16)
);


ALTER TABLE public.cart_cart OWNER TO generaladmin;

--
-- Name: cart_cart_id_seq; Type: SEQUENCE; Schema: public; Owner: generaladmin
--

ALTER TABLE public.cart_cart ALTER COLUMN id ADD GENERATED BY DEFAULT AS IDENTITY (
    SEQUENCE NAME public.cart_cart_id_seq
    START WITH 1
    INCREMENT BY 1
    NO MINVALUE
    NO MAXVALUE
    CACHE 1
);


--
-- Name: cart_cartitem; Type: TABLE; Schema: public; Owner: generaladmin
--

CREATE TABLE public.cart_cartitem (
    id bigint NOT NULL,
    quantity integer NOT NULL,
    cart_id bigint NOT NULL,
    product_id bigint,
    created timestamp with time zone NOT NULL,
    updated timestamp with time zone,
    size character varying(5)
);


ALTER TABLE public.cart_cartitem OWNER TO generaladmin;

--
-- Name: cart_cartitem_id_seq; Type: SEQUENCE; Schema: public; Owner: generaladmin
--

ALTER TABLE public.cart_cartitem ALTER COLUMN id ADD GENERATED BY DEFAULT AS IDENTITY (
    SEQUENCE NAME public.cart_cartitem_id_seq
    START WITH 1
    INCREMENT BY 1
    NO MINVALUE
    NO MAXVALUE
    CACHE 1
);


--
-- Name: catalog_category; Type: TABLE; Schema: public; Owner: generaladmin
--

CREATE TABLE public.catalog_category (
    id bigint NOT NULL,
    title character varying(150) NOT NULL,
    slug character varying(100) NOT NULL,
    image character varying(100) NOT NULL,
    description text NOT NULL
);


ALTER TABLE public.catalog_category OWNER TO generaladmin;

--
-- Name: catalog_category_id_seq; Type: SEQUENCE; Schema: public; Owner: generaladmin
--

ALTER TABLE public.catalog_category ALTER COLUMN id ADD GENERATED BY DEFAULT AS IDENTITY (
    SEQUENCE NAME public.catalog_category_id_seq
    START WITH 1
    INCREMENT BY 1
    NO MINVALUE
    NO MAXVALUE
    CACHE 1
);


--
-- Name: catalog_product; Type: TABLE; Schema: public; Owner: generaladmin
--

CREATE TABLE public.catalog_product (
    id bigint NOT NULL,
    name character varying(150) NOT NULL,
    description text NOT NULL,
    price integer NOT NULL,
    material character varying(50) NOT NULL,
    quantity integer NOT NULL,
    category_id bigint NOT NULL,
    slug character varying(50),
    top_seller boolean NOT NULL,
    selected boolean NOT NULL
);


ALTER TABLE public.catalog_product OWNER TO generaladmin;

--
-- Name: catalog_product_id_seq; Type: SEQUENCE; Schema: public; Owner: generaladmin
--

ALTER TABLE public.catalog_product ALTER COLUMN id ADD GENERATED BY DEFAULT AS IDENTITY (
    SEQUENCE NAME public.catalog_product_id_seq
    START WITH 1
    INCREMENT BY 1
    NO MINVALUE
    NO MAXVALUE
    CACHE 1
);


--
-- Name: catalog_product_size; Type: TABLE; Schema: public; Owner: generaladmin
--

CREATE TABLE public.catalog_product_size (
    id bigint NOT NULL,
    product_id bigint NOT NULL,
    productsize_id bigint NOT NULL
);


ALTER TABLE public.catalog_product_size OWNER TO generaladmin;

--
-- Name: catalog_product_size_id_seq; Type: SEQUENCE; Schema: public; Owner: generaladmin
--

ALTER TABLE public.catalog_product_size ALTER COLUMN id ADD GENERATED BY DEFAULT AS IDENTITY (
    SEQUENCE NAME public.catalog_product_size_id_seq
    START WITH 1
    INCREMENT BY 1
    NO MINVALUE
    NO MAXVALUE
    CACHE 1
);


--
-- Name: catalog_productimage; Type: TABLE; Schema: public; Owner: generaladmin
--

CREATE TABLE public.catalog_productimage (
    id bigint NOT NULL,
    image character varying(100) NOT NULL,
    product_id bigint NOT NULL,
    is_main boolean NOT NULL
);


ALTER TABLE public.catalog_productimage OWNER TO generaladmin;

--
-- Name: catalog_productimage_id_seq; Type: SEQUENCE; Schema: public; Owner: generaladmin
--

ALTER TABLE public.catalog_productimage ALTER COLUMN id ADD GENERATED BY DEFAULT AS IDENTITY (
    SEQUENCE NAME public.catalog_productimage_id_seq
    START WITH 1
    INCREMENT BY 1
    NO MINVALUE
    NO MAXVALUE
    CACHE 1
);


--
-- Name: catalog_productsize; Type: TABLE; Schema: public; Owner: generaladmin
--

CREATE TABLE public.catalog_productsize (
    id bigint NOT NULL,
    size character varying(5) NOT NULL
);


ALTER TABLE public.catalog_productsize OWNER TO generaladmin;

--
-- Name: catalog_productsize_id_seq; Type: SEQUENCE; Schema: public; Owner: generaladmin
--

ALTER TABLE public.catalog_productsize ALTER COLUMN id ADD GENERATED BY DEFAULT AS IDENTITY (
    SEQUENCE NAME public.catalog_productsize_id_seq
    START WITH 1
    INCREMENT BY 1
    NO MINVALUE
    NO MAXVALUE
    CACHE 1
);


--
-- Name: django_admin_log; Type: TABLE; Schema: public; Owner: generaladmin
--

CREATE TABLE public.django_admin_log (
    id integer NOT NULL,
    action_time timestamp with time zone NOT NULL,
    object_id text,
    object_repr character varying(200) NOT NULL,
    action_flag smallint NOT NULL,
    change_message text NOT NULL,
    content_type_id integer,
    user_id bigint NOT NULL,
    CONSTRAINT django_admin_log_action_flag_check CHECK ((action_flag >= 0))
);


ALTER TABLE public.django_admin_log OWNER TO generaladmin;

--
-- Name: django_admin_log_id_seq; Type: SEQUENCE; Schema: public; Owner: generaladmin
--

ALTER TABLE public.django_admin_log ALTER COLUMN id ADD GENERATED BY DEFAULT AS IDENTITY (
    SEQUENCE NAME public.django_admin_log_id_seq
    START WITH 1
    INCREMENT BY 1
    NO MINVALUE
    NO MAXVALUE
    CACHE 1
);


--
-- Name: django_content_type; Type: TABLE; Schema: public; Owner: generaladmin
--

CREATE TABLE public.django_content_type (
    id integer NOT NULL,
    app_label character varying(100) NOT NULL,
    model character varying(100) NOT NULL
);


ALTER TABLE public.django_content_type OWNER TO generaladmin;

--
-- Name: django_content_type_id_seq; Type: SEQUENCE; Schema: public; Owner: generaladmin
--

ALTER TABLE public.django_content_type ALTER COLUMN id ADD GENERATED BY DEFAULT AS IDENTITY (
    SEQUENCE NAME public.django_content_type_id_seq
    START WITH 1
    INCREMENT BY 1
    NO MINVALUE
    NO MAXVALUE
    CACHE 1
);


--
-- Name: django_migrations; Type: TABLE; Schema: public; Owner: generaladmin
--

CREATE TABLE public.django_migrations (
    id bigint NOT NULL,
    app character varying(255) NOT NULL,
    name character varying(255) NOT NULL,
    applied timestamp with time zone NOT NULL
);


ALTER TABLE public.django_migrations OWNER TO generaladmin;

--
-- Name: django_migrations_id_seq; Type: SEQUENCE; Schema: public; Owner: generaladmin
--

ALTER TABLE public.django_migrations ALTER COLUMN id ADD GENERATED BY DEFAULT AS IDENTITY (
    SEQUENCE NAME public.django_migrations_id_seq
    START WITH 1
    INCREMENT BY 1
    NO MINVALUE
    NO MAXVALUE
    CACHE 1
);


--
-- Name: django_session; Type: TABLE; Schema: public; Owner: generaladmin
--

CREATE TABLE public.django_session (
    session_key character varying(40) NOT NULL,
    session_data text NOT NULL,
    expire_date timestamp with time zone NOT NULL
);


ALTER TABLE public.django_session OWNER TO generaladmin;

--
-- Name: django_site; Type: TABLE; Schema: public; Owner: generaladmin
--

CREATE TABLE public.django_site (
    id integer NOT NULL,
    domain character varying(100) NOT NULL,
    name character varying(50) NOT NULL
);


ALTER TABLE public.django_site OWNER TO generaladmin;

--
-- Name: django_site_id_seq; Type: SEQUENCE; Schema: public; Owner: generaladmin
--

ALTER TABLE public.django_site ALTER COLUMN id ADD GENERATED BY DEFAULT AS IDENTITY (
    SEQUENCE NAME public.django_site_id_seq
    START WITH 1
    INCREMENT BY 1
    NO MINVALUE
    NO MAXVALUE
    CACHE 1
);


--
-- Name: order_order; Type: TABLE; Schema: public; Owner: generaladmin
--

CREATE TABLE public.order_order (
    id bigint NOT NULL,
    created timestamp with time zone NOT NULL,
    updated timestamp with time zone,
    first_name character varying(50) NOT NULL,
    last_name character varying(50) NOT NULL,
    phone character varying(50) NOT NULL,
    address character varying(250) NOT NULL,
    email character varying(254) NOT NULL,
    cart_id bigint NOT NULL,
    region character varying(250) NOT NULL,
    town character varying(250) NOT NULL,
    comment text,
    order_number character varying(11) NOT NULL,
    status character varying(11) NOT NULL
);


ALTER TABLE public.order_order OWNER TO generaladmin;

--
-- Name: order_order_id_seq; Type: SEQUENCE; Schema: public; Owner: generaladmin
--

ALTER TABLE public.order_order ALTER COLUMN id ADD GENERATED BY DEFAULT AS IDENTITY (
    SEQUENCE NAME public.order_order_id_seq
    START WITH 1
    INCREMENT BY 1
    NO MINVALUE
    NO MAXVALUE
    CACHE 1
);


--
-- Name: socialaccount_socialaccount; Type: TABLE; Schema: public; Owner: generaladmin
--

CREATE TABLE public.socialaccount_socialaccount (
    id integer NOT NULL,
    provider character varying(30) NOT NULL,
    uid character varying(191) NOT NULL,
    last_login timestamp with time zone NOT NULL,
    date_joined timestamp with time zone NOT NULL,
    extra_data text NOT NULL,
    user_id bigint NOT NULL
);


ALTER TABLE public.socialaccount_socialaccount OWNER TO generaladmin;

--
-- Name: socialaccount_socialaccount_id_seq; Type: SEQUENCE; Schema: public; Owner: generaladmin
--

ALTER TABLE public.socialaccount_socialaccount ALTER COLUMN id ADD GENERATED BY DEFAULT AS IDENTITY (
    SEQUENCE NAME public.socialaccount_socialaccount_id_seq
    START WITH 1
    INCREMENT BY 1
    NO MINVALUE
    NO MAXVALUE
    CACHE 1
);


--
-- Name: socialaccount_socialapp; Type: TABLE; Schema: public; Owner: generaladmin
--

CREATE TABLE public.socialaccount_socialapp (
    id integer NOT NULL,
    provider character varying(30) NOT NULL,
    name character varying(40) NOT NULL,
    client_id character varying(191) NOT NULL,
    secret character varying(191) NOT NULL,
    key character varying(191) NOT NULL
);


ALTER TABLE public.socialaccount_socialapp OWNER TO generaladmin;

--
-- Name: socialaccount_socialapp_id_seq; Type: SEQUENCE; Schema: public; Owner: generaladmin
--

ALTER TABLE public.socialaccount_socialapp ALTER COLUMN id ADD GENERATED BY DEFAULT AS IDENTITY (
    SEQUENCE NAME public.socialaccount_socialapp_id_seq
    START WITH 1
    INCREMENT BY 1
    NO MINVALUE
    NO MAXVALUE
    CACHE 1
);


--
-- Name: socialaccount_socialapp_sites; Type: TABLE; Schema: public; Owner: generaladmin
--

CREATE TABLE public.socialaccount_socialapp_sites (
    id bigint NOT NULL,
    socialapp_id integer NOT NULL,
    site_id integer NOT NULL
);


ALTER TABLE public.socialaccount_socialapp_sites OWNER TO generaladmin;

--
-- Name: socialaccount_socialapp_sites_id_seq; Type: SEQUENCE; Schema: public; Owner: generaladmin
--

ALTER TABLE public.socialaccount_socialapp_sites ALTER COLUMN id ADD GENERATED BY DEFAULT AS IDENTITY (
    SEQUENCE NAME public.socialaccount_socialapp_sites_id_seq
    START WITH 1
    INCREMENT BY 1
    NO MINVALUE
    NO MAXVALUE
    CACHE 1
);


--
-- Name: socialaccount_socialtoken; Type: TABLE; Schema: public; Owner: generaladmin
--

CREATE TABLE public.socialaccount_socialtoken (
    id integer NOT NULL,
    token text NOT NULL,
    token_secret text NOT NULL,
    expires_at timestamp with time zone,
    account_id integer NOT NULL,
    app_id integer NOT NULL
);


ALTER TABLE public.socialaccount_socialtoken OWNER TO generaladmin;

--
-- Name: socialaccount_socialtoken_id_seq; Type: SEQUENCE; Schema: public; Owner: generaladmin
--

ALTER TABLE public.socialaccount_socialtoken ALTER COLUMN id ADD GENERATED BY DEFAULT AS IDENTITY (
    SEQUENCE NAME public.socialaccount_socialtoken_id_seq
    START WITH 1
    INCREMENT BY 1
    NO MINVALUE
    NO MAXVALUE
    CACHE 1
);


--
-- Data for Name: account_emailaddress; Type: TABLE DATA; Schema: public; Owner: generaladmin
--

COPY public.account_emailaddress (id, email, verified, "primary", user_id) FROM stdin;
4	sapalstanislav22@gmail.com	t	t	10
5	sapals.rozetka@gmail.com	t	t	11
\.


--
-- Data for Name: account_emailconfirmation; Type: TABLE DATA; Schema: public; Owner: generaladmin
--

COPY public.account_emailconfirmation (id, created, sent, key, email_address_id) FROM stdin;
\.


--
-- Data for Name: auth_group; Type: TABLE DATA; Schema: public; Owner: generaladmin
--

COPY public.auth_group (id, name) FROM stdin;
\.


--
-- Data for Name: auth_group_permissions; Type: TABLE DATA; Schema: public; Owner: generaladmin
--

COPY public.auth_group_permissions (id, group_id, permission_id) FROM stdin;
\.


--
-- Data for Name: auth_permission; Type: TABLE DATA; Schema: public; Owner: generaladmin
--

COPY public.auth_permission (id, name, content_type_id, codename) FROM stdin;
1	Can add log entry	1	add_logentry
2	Can change log entry	1	change_logentry
3	Can delete log entry	1	delete_logentry
4	Can view log entry	1	view_logentry
5	Can add permission	2	add_permission
6	Can change permission	2	change_permission
7	Can delete permission	2	delete_permission
8	Can view permission	2	view_permission
9	Can add group	3	add_group
10	Can change group	3	change_group
11	Can delete group	3	delete_group
12	Can view group	3	view_group
13	Can add content type	4	add_contenttype
14	Can change content type	4	change_contenttype
15	Can delete content type	4	delete_contenttype
16	Can view content type	4	view_contenttype
17	Can add session	5	add_session
18	Can change session	5	change_session
19	Can delete session	5	delete_session
20	Can view session	5	view_session
21	Can add user	6	add_user
22	Can change user	6	change_user
23	Can delete user	6	delete_user
24	Can view user	6	view_user
25	Can add Категорія	7	add_category
26	Can change Категорія	7	change_category
27	Can delete Категорія	7	delete_category
28	Can view Категорія	7	view_category
29	Can add Товар	8	add_product
30	Can change Товар	8	change_product
31	Can delete Товар	8	delete_product
32	Can view Товар	8	view_product
33	Can add product image	9	add_productimage
34	Can change product image	9	change_productimage
35	Can delete product image	9	delete_productimage
36	Can view product image	9	view_productimage
37	Can add cart	10	add_cart
38	Can change cart	10	change_cart
39	Can delete cart	10	delete_cart
40	Can view cart	10	view_cart
41	Can add cart item	11	add_cartitem
42	Can change cart item	11	change_cartitem
43	Can delete cart item	11	delete_cartitem
44	Can view cart item	11	view_cartitem
45	Can add order	12	add_order
46	Can change order	12	change_order
47	Can delete order	12	delete_order
48	Can view order	12	view_order
49	Can add site	13	add_site
50	Can change site	13	change_site
51	Can delete site	13	delete_site
52	Can view site	13	view_site
53	Can add email address	14	add_emailaddress
54	Can change email address	14	change_emailaddress
55	Can delete email address	14	delete_emailaddress
56	Can view email address	14	view_emailaddress
57	Can add email confirmation	15	add_emailconfirmation
58	Can change email confirmation	15	change_emailconfirmation
59	Can delete email confirmation	15	delete_emailconfirmation
60	Can view email confirmation	15	view_emailconfirmation
61	Can add social account	16	add_socialaccount
62	Can change social account	16	change_socialaccount
63	Can delete social account	16	delete_socialaccount
64	Can view social account	16	view_socialaccount
65	Can add social application	17	add_socialapp
66	Can change social application	17	change_socialapp
67	Can delete social application	17	delete_socialapp
68	Can view social application	17	view_socialapp
69	Can add social application token	18	add_socialtoken
70	Can change social application token	18	change_socialtoken
71	Can delete social application token	18	delete_socialtoken
72	Can view social application token	18	view_socialtoken
73	Can add Розмір товару	19	add_productsize
74	Can change Розмір товару	19	change_productsize
75	Can delete Розмір товару	19	delete_productsize
76	Can view Розмір товару	19	view_productsize
\.


--
-- Data for Name: authentication_user; Type: TABLE DATA; Schema: public; Owner: generaladmin
--

COPY public.authentication_user (id, password, last_login, is_superuser, username, first_name, last_name, is_staff, is_active, date_joined, email, phone_number, date_of_birth, gender) FROM stdin;
11	!cxocGCOuAzddHCtr0sUWKk3DuoKuu9T4yiQySrgC	2023-04-18 17:10:44.638196+00	f	sapals.rozetka	Станислав	Сапаль	t	t	2023-03-23 15:30:59+00	sapals.rozetka@gmail.com		\N	\N
3	pbkdf2_sha256$390000$4gOszpVtzpwDMMwKnEyTaO$/4LW8WDJoiar1HEn9I0W9Em4BM3N16HZIUMFkmC6r2I=	2023-04-18 17:11:37.585276+00	t	admin4	Стас	Сапаль	t	t	2022-11-13 10:49:11+00	sapalstanislav@ukr.net		1993-10-12	M
10	!Y1ooMvcVT3Exy80icyWQLUlhrBgvqLn4scqXBeSN	2023-03-23 12:25:15.854235+00	f	sapalstanislav22	Станислав	Сапаль	f	t	2023-03-23 12:22:10.63946+00	sapalstanislav22@gmail.com		\N	\N
5	pbkdf2_sha256$390000$5zDvmywgI8KamcKBB8BeZT$Ljbk7NFgC2+JweDHcoaQ/HWyMJG0S4omPNkqXcP+f1Q=	2023-03-28 18:40:09.381124+00	t	user_1	Valera	CRUD	t	t	2023-02-07 19:41:46+00	valeracrud@mail.com		\N	\N
6	pbkdf2_sha256$390000$yc4Q0LQKMEu3coCfeeeV3g$pZdZwr3kMwv1gg5ILj3p9s3ka+l074k0Q5sxiCBghBk=	2023-04-02 14:04:18.790818+00	t	glebizi			t	t	2023-02-13 09:24:54.05275+00	glebnezhuvaka@mail.com		\N	\N
\.


--
-- Data for Name: authentication_user_groups; Type: TABLE DATA; Schema: public; Owner: generaladmin
--

COPY public.authentication_user_groups (id, user_id, group_id) FROM stdin;
\.


--
-- Data for Name: authentication_user_user_permissions; Type: TABLE DATA; Schema: public; Owner: generaladmin
--

COPY public.authentication_user_user_permissions (id, user_id, permission_id) FROM stdin;
\.


--
-- Data for Name: cart_cart; Type: TABLE DATA; Schema: public; Owner: generaladmin
--

COPY public.cart_cart (id, status, user_id, created, updated, token) FROM stdin;
149	Open	\N	2023-03-28 12:27:44.69894+00	2023-03-28 12:27:44.698969+00	fMuWzaRDOxwSXehK
150	Open	\N	2023-03-28 12:51:33.456748+00	2023-03-28 12:51:33.456777+00	KpNKcPmMHQbyyMDz
151	Open	\N	2023-03-28 12:51:48.53357+00	2023-03-28 12:51:48.533599+00	AcpPzeWuelxYAhxw
152	Closed	\N	2023-03-28 12:53:39.587561+00	2023-03-28 12:55:27.45103+00	iYozskMTaxKRGOtm
153	Open	\N	2023-03-28 12:55:27.621326+00	2023-03-28 12:55:27.621357+00	ctLnzlwGwOVqQtGO
154	Open	\N	2023-03-28 13:05:07.337225+00	2023-03-28 13:05:07.337256+00	rlTcsoWzoVZsfsXJ
155	Open	\N	2023-03-28 16:22:58.16629+00	2023-03-28 16:22:58.166323+00	tgnhEmepPpeujxdk
156	Open	\N	2023-03-28 16:43:56.28347+00	2023-03-28 16:43:56.283502+00	rszarDDGPDkfqjHv
157	Open	\N	2023-03-28 16:54:37.583853+00	2023-03-28 16:54:37.583889+00	wyNJYGzuvsbgrsTa
158	Open	\N	2023-03-28 18:39:51.192248+00	2023-03-28 18:39:51.192277+00	VeIVQHhoOcCkfNSN
159	Open	\N	2023-03-28 18:45:59.413845+00	2023-03-28 18:45:59.413877+00	jYmTwpBfCWdmUUTa
160	Open	\N	2023-03-29 16:16:31.58736+00	2023-03-29 16:16:31.587391+00	jNMRxVVnvbqkkCTW
161	Closed	\N	2023-03-29 16:16:48.114536+00	2023-03-29 16:20:37.763441+00	ybyaeJERpLZgfazr
162	Open	\N	2023-03-29 16:20:37.914952+00	2023-03-29 16:20:37.91498+00	bFQaUsaBfTQbiJhL
131	Closed	11	2023-03-27 12:05:14.536631+00	2023-03-29 16:22:08.206744+00	\N
163	Open	11	2023-03-29 16:22:08.378746+00	2023-03-29 16:22:08.378772+00	\N
77	Open	10	2023-03-23 12:22:10.845132+00	2023-03-23 12:22:10.845163+00	\N
164	Open	\N	2023-03-30 10:17:59.978563+00	2023-03-30 10:17:59.978594+00	ddTrHJZYhndSsiCE
1	Closed	3	2023-01-24 12:54:13.445907+00	2023-03-12 11:37:12.229745+00	\N
165	Closed	\N	2023-03-31 13:31:22.413842+00	2023-03-31 13:32:03.57258+00	MJMzfUeWbATexrkq
166	Open	\N	2023-03-31 13:32:03.819005+00	2023-03-31 13:32:03.81903+00	AFtEixlTPpVfepoK
167	Open	\N	2023-04-02 14:03:44.837739+00	2023-04-02 14:03:44.837768+00	uPKyfKhVkqXBiJio
168	Open	\N	2023-04-03 19:08:36.601669+00	2023-04-03 19:08:36.601706+00	htihKIMXMOksTcYq
119	Closed	3	2023-03-26 12:13:54.474305+00	2023-04-03 19:09:45.635798+00	\N
169	Closed	3	2023-04-03 19:09:46.131244+00	2023-04-03 19:13:37.960093+00	\N
12	Closed	3	2023-03-12 11:37:04.391601+00	2023-03-12 16:57:11.3363+00	\N
17	Closed	3	2023-03-12 16:49:08.052925+00	2023-03-12 16:58:55.75277+00	\N
170	Closed	3	2023-04-03 19:13:38.188409+00	2023-04-03 19:15:33.219924+00	\N
15	Closed	6	2023-03-12 13:17:46.651469+00	2023-03-13 14:54:02.999677+00	\N
11	Closed	5	2023-03-12 11:12:14.740316+00	2023-03-23 14:13:53.597058+00	\N
171	Closed	3	2023-04-03 19:15:33.462432+00	2023-04-04 10:46:51.054087+00	\N
22	Open	6	2023-03-15 15:12:01.90389+00	2023-03-15 15:12:01.903918+00	\N
172	Closed	3	2023-04-04 10:46:51.799308+00	2023-04-04 10:49:18.427896+00	\N
173	Closed	3	2023-04-04 10:49:18.615259+00	2023-04-04 10:53:14.882798+00	\N
174	Closed	3	2023-04-04 10:53:16.06966+00	2023-04-04 10:54:54.421537+00	\N
95	Open	\N	2023-03-23 15:37:58.956273+00	2023-03-23 15:37:58.956302+00	CoyyTTZagWvSLHzq
96	Open	\N	2023-03-23 15:38:46.914304+00	2023-03-23 15:38:46.914336+00	iagNPFiKMaqRNouK
97	Open	\N	2023-03-23 16:00:02.784428+00	2023-03-23 16:00:02.784458+00	SZvPNMFLASOPnZBt
98	Open	\N	2023-03-23 16:01:54.147791+00	2023-03-23 16:01:54.147819+00	puniumBeGcJsBWHo
175	Closed	3	2023-04-04 10:54:55.362765+00	2023-04-04 11:28:59.859672+00	\N
99	Closed	\N	2023-03-23 16:02:58.902634+00	2023-03-23 16:06:48.727286+00	seOINCLvPRUChCmI
100	Open	\N	2023-03-23 16:06:48.882581+00	2023-03-23 16:06:48.88261+00	wvPvqNxXPbJSDnyI
101	Open	\N	2023-03-23 17:02:05.676623+00	2023-03-23 17:02:05.676655+00	vhwOjAissVRvJfwr
102	Open	\N	2023-03-23 17:03:03.117094+00	2023-03-23 17:03:03.117125+00	egDvoYVtywLQOeNK
103	Open	\N	2023-03-23 17:10:22.226753+00	2023-03-23 17:10:22.226782+00	MulZaxFfTosmjROc
104	Open	\N	2023-03-23 17:13:38.052166+00	2023-03-23 17:13:38.052199+00	pYraCsTIcQBGqPNm
176	Closed	3	2023-04-04 11:29:00.24811+00	2023-04-04 11:59:21.633872+00	\N
106	Open	\N	2023-03-23 17:35:51.874798+00	2023-03-23 17:35:51.874829+00	GuSPbIfitJnqlDSI
18	Closed	3	2023-03-12 16:58:55.84966+00	2023-03-24 14:44:46.118633+00	\N
177	Closed	3	2023-04-04 11:59:22.142859+00	2023-04-04 13:28:34.312466+00	\N
108	Open	\N	2023-03-24 15:08:53.280367+00	2023-03-24 15:08:53.280399+00	OZMmQQpTrDDQSsQr
86	Closed	5	2023-03-23 14:13:53.757139+00	2023-03-24 15:11:02.802458+00	\N
178	Closed	3	2023-04-04 13:28:35.304531+00	2023-04-04 14:15:13.444272+00	\N
109	Closed	5	2023-03-24 15:11:02.955702+00	2023-03-24 16:21:12.619074+00	\N
179	Closed	3	2023-04-04 14:15:14.887718+00	2023-04-04 14:23:31.601659+00	\N
180	Closed	3	2023-04-04 14:23:31.723036+00	2023-04-04 14:35:19.099986+00	\N
181	Closed	3	2023-04-04 14:35:19.766511+00	2023-04-04 14:40:51.162483+00	\N
182	Closed	3	2023-04-04 14:40:51.402355+00	2023-04-04 14:45:01.671227+00	\N
184	Closed	\N	2023-04-04 14:45:34.386348+00	2023-04-04 14:47:02.655838+00	dTvkOFqcMToyXfaq
185	Open	\N	2023-04-04 14:48:47.417296+00	2023-04-04 14:48:47.417325+00	KxchYXsqjIrfUthJ
110	Closed	5	2023-03-24 16:21:12.855064+00	2023-03-24 16:22:16.225969+00	\N
111	Open	5	2023-03-24 16:22:16.327349+00	2023-03-24 16:22:16.327377+00	\N
112	Open	\N	2023-03-24 16:27:24.075713+00	2023-03-24 16:27:24.075745+00	mpPEUtKHQPOHMuLh
113	Open	\N	2023-03-25 10:40:05.525867+00	2023-03-25 10:40:05.525899+00	GBBELcKcSEOdrdGW
93	Closed	11	2023-03-23 15:30:59.809355+00	2023-03-25 10:42:00.343312+00	\N
183	Closed	3	2023-04-04 14:45:01.958967+00	2023-04-04 14:50:12.332824+00	\N
115	Open	\N	2023-03-25 10:42:16.509103+00	2023-03-25 10:42:16.509132+00	QtHUHNzKUIadWnyI
116	Open	\N	2023-03-25 17:19:15.99069+00	2023-03-25 17:19:15.990713+00	dCkWCaeSxkJcjZuR
117	Open	\N	2023-03-25 17:19:15.989898+00	2023-03-25 17:19:15.989933+00	VZYLnGOSSiFdlxRw
118	Open	\N	2023-03-25 17:22:37.796147+00	2023-03-25 17:22:37.796199+00	dHYqjmlzsKkbrlay
107	Closed	3	2023-03-24 14:44:46.360215+00	2023-03-26 12:13:54.253803+00	\N
120	Closed	\N	2023-03-26 12:16:29.800696+00	2023-03-26 12:20:34.317895+00	hZBPzsrEtIlKyXkG
121	Open	\N	2023-03-26 12:20:34.409234+00	2023-03-26 12:20:34.40926+00	SzuorYSKmprJbbUu
122	Open	\N	2023-03-26 17:20:41.055821+00	2023-03-26 17:20:41.055861+00	zegHcEYzUuIWwCOi
123	Open	\N	2023-03-26 17:28:56.046796+00	2023-03-26 17:28:56.046829+00	PhrRzeBmkWSjzhDL
124	Open	\N	2023-03-26 17:39:35.716235+00	2023-03-26 17:39:35.716288+00	wmVWCsIWLorBFnRY
125	Open	\N	2023-03-26 17:41:53.507227+00	2023-03-26 17:41:53.507258+00	lzsncOpaonyYiHCK
126	Open	\N	2023-03-26 17:42:01.567354+00	2023-03-26 17:42:01.567387+00	qROpixJeIVhthXQL
127	Open	\N	2023-03-26 17:44:19.362223+00	2023-03-26 17:44:19.362344+00	EfUJeGesEEiKxTRr
128	Open	\N	2023-03-26 17:44:47.215858+00	2023-03-26 17:44:47.215898+00	TbPqAlKveTFbHebm
129	Open	\N	2023-03-26 17:59:58.646992+00	2023-03-26 17:59:58.647045+00	WURArwPVHdqvgLzs
130	Open	\N	2023-03-27 12:03:29.954142+00	2023-03-27 12:03:29.954209+00	TWleDbPhPstYlfJk
114	Closed	11	2023-03-25 10:42:00.482854+00	2023-03-27 12:05:14.347245+00	\N
132	Open	\N	2023-03-27 14:51:29.185557+00	2023-03-27 14:51:29.185588+00	XOIfWzLNHCbKBcTE
133	Open	\N	2023-03-28 09:31:43.574221+00	2023-03-28 09:31:43.574249+00	IFXAOygXqWxDfzio
187	Open	\N	2023-04-10 15:46:06.018385+00	2023-04-10 15:46:06.018421+00	fzKkIgBcjHhsmWqi
134	Closed	\N	2023-03-28 09:52:02.275951+00	2023-03-28 10:08:19.633559+00	xnAXsdMXRUYziBSl
186	Closed	3	2023-04-04 14:50:13.316538+00	2023-04-11 08:25:59.340167+00	\N
135	Closed	\N	2023-03-28 10:08:19.782473+00	2023-03-28 10:13:18.167629+00	hnGVwclfKWtdBNsh
136	Open	\N	2023-03-28 10:13:18.307172+00	2023-03-28 10:13:18.307196+00	QeHOzjdiPmPLHiqe
188	Open	3	2023-04-11 08:26:01.043415+00	2023-04-11 08:26:01.043447+00	\N
137	Closed	\N	2023-03-28 10:23:13.343157+00	2023-03-28 10:25:07.650585+00	zXPlzaFtTYhcFgcu
139	Closed	\N	2023-03-28 10:51:58.141846+00	2023-03-28 10:55:00.865693+00	XOktvGSKuQyPRDvY
140	Open	\N	2023-03-28 10:55:00.945673+00	2023-03-28 10:55:00.9457+00	EGiUyvSPnFYekiTL
141	Open	\N	2023-03-28 11:18:58.146721+00	2023-03-28 11:18:58.146768+00	gwEibuClIcRoKMOI
142	Open	\N	2023-03-28 11:39:12.218202+00	2023-03-28 11:39:12.218231+00	qXeQpsomEPrLrNEz
143	Open	\N	2023-03-28 11:40:09.209868+00	2023-03-28 11:40:09.209902+00	wSJmcUgRZWnRAmCJ
144	Open	\N	2023-03-28 11:41:19.698712+00	2023-03-28 11:41:19.698741+00	LMqVHpIWjKPlXLTe
145	Open	\N	2023-03-28 11:41:27.003017+00	2023-03-28 11:41:27.00306+00	VZXRlNdelniyAGtE
146	Open	\N	2023-03-28 11:42:15.009247+00	2023-03-28 11:42:15.009276+00	eTsjnPPxCTWVPGTa
147	Open	\N	2023-03-28 11:42:20.472001+00	2023-03-28 11:42:20.472032+00	RgrSzfESoxnqmVJJ
148	Open	\N	2023-03-28 11:42:25.005495+00	2023-03-28 11:42:25.005526+00	lJCmkVlnGePqcpXf
189	Open	\N	2023-04-13 14:53:48.941395+00	2023-04-13 14:53:48.941431+00	djHgtvIJCpNluIuy
190	Open	\N	2023-04-13 14:54:57.980441+00	2023-04-13 14:54:57.980506+00	hbQegveXsRIikzKa
191	Open	\N	2023-04-13 14:55:05.654998+00	2023-04-13 14:55:05.65503+00	zmPwLkxSZTiHBXEO
192	Open	\N	2023-04-18 17:10:55.353247+00	2023-04-18 17:10:55.353283+00	QgtvNTSiYxJCvODp
\.


--
-- Data for Name: cart_cartitem; Type: TABLE DATA; Schema: public; Owner: generaladmin
--

COPY public.cart_cartitem (id, quantity, cart_id, product_id, created, updated, size) FROM stdin;
66	1	12	8	2023-03-12 11:37:59.153271+00	2023-03-12 16:13:18.857452+00	\N
69	1	17	6	2023-03-12 16:49:39.168798+00	2023-03-12 16:49:39.16883+00	\N
70	1	17	1	2023-03-12 16:49:53.705018+00	2023-03-12 16:49:53.705045+00	\N
250	1	22	22	2023-03-31 12:36:40.625576+00	2023-03-31 12:36:40.625603+00	
72	1	17	4	2023-03-12 16:50:40.210737+00	2023-03-12 16:50:40.210766+00	\N
252	1	165	5	2023-03-31 13:31:43.380958+00	2023-03-31 13:31:43.381+00	L
254	1	166	5	2023-03-31 16:26:40.179436+00	2023-03-31 16:26:40.179472+00	M
63	1	11	12	2023-03-12 11:12:29.552613+00	2023-03-17 17:46:26.172095+00	\N
64	1	11	6	2023-03-12 11:13:02.464444+00	2023-03-17 17:47:15.876211+00	\N
205	1	119	8	2023-03-28 18:36:29.951018+00	2023-03-28 18:36:29.951046+00	
73	2	18	5	2023-03-13 15:20:47.125508+00	2023-03-21 12:55:39.8908+00	\N
77	1	18	2	2023-03-21 15:02:12.670935+00	2023-03-21 15:02:12.670964+00	\N
78	1	18	4	2023-03-21 15:07:44.995854+00	2023-03-21 15:07:44.995878+00	\N
79	2	18	12	2023-03-21 15:24:07.017901+00	2023-03-21 15:24:07.017929+00	\N
80	4	18	10	2023-03-21 15:35:48.704659+00	2023-03-21 15:35:48.704698+00	\N
81	3	11	10	2023-03-21 15:48:20.074808+00	2023-03-21 15:48:20.074834+00	\N
207	1	119	1	2023-03-28 18:38:56.170437+00	2023-03-28 18:38:56.170462+00	
208	1	119	7	2023-03-28 18:39:14.868592+00	2023-03-28 18:39:14.868621+00	
261	1	166	12	2023-03-31 16:35:59.983912+00	2023-03-31 16:35:59.98394+00	125
262	1	166	12	2023-03-31 16:37:43.822159+00	2023-03-31 16:37:43.822184+00	125
263	1	166	12	2023-03-31 16:38:06.01323+00	2023-03-31 16:38:06.013255+00	125
264	1	166	12	2023-03-31 17:28:48.533771+00	2023-03-31 17:28:48.533797+00	125
220	1	159	5	2023-03-29 16:04:31.977955+00	2023-03-29 16:04:31.977993+00	L
61	1	1	12	2023-02-28 11:42:14.527471+00	2023-02-28 11:42:14.527497+00	\N
266	1	22	12	2023-04-02 14:56:40.125151+00	2023-04-02 14:56:40.125178+00	125
88	1	99	5	2023-03-23 16:03:30.633387+00	2023-03-23 16:03:30.633419+00	\N
89	1	99	1	2023-03-23 16:03:42.049904+00	2023-03-23 16:03:42.049934+00	\N
34	1	1	2	2023-02-20 15:49:24.096297+00	2023-02-28 11:42:23.709601+00	\N
90	1	86	7	2023-03-24 15:09:51.623719+00	2023-03-24 15:09:51.623747+00	\N
91	1	86	12	2023-03-24 15:10:17.185446+00	2023-03-24 15:10:17.185474+00	\N
92	1	86	3	2023-03-24 15:10:50.424674+00	2023-03-24 15:10:50.4247+00	\N
267	1	169	9	2023-04-03 19:13:14.513099+00	2023-04-03 19:13:14.513125+00	
268	1	170	23	2023-04-03 19:14:58.769918+00	2023-04-03 19:14:58.769949+00	
93	1	109	4	2023-03-24 15:39:11.552137+00	2023-03-24 15:39:11.552165+00	\N
94	1	109	9	2023-03-24 15:39:18.510118+00	2023-03-24 15:39:18.510149+00	\N
95	1	109	12	2023-03-24 15:39:23.658469+00	2023-03-24 15:39:23.658496+00	\N
96	1	110	1	2023-03-24 16:21:58.94661+00	2023-03-24 16:21:58.946653+00	\N
97	1	110	5	2023-03-24 16:22:04.265572+00	2023-03-24 16:22:04.265598+00	\N
65	3	12	9	2023-03-12 11:37:48.094371+00	2023-03-12 13:19:00.808893+00	\N
269	1	171	22	2023-04-04 10:45:50.155322+00	2023-04-04 10:45:50.155353+00	
98	1	110	10	2023-03-24 16:22:08.032554+00	2023-03-24 16:22:08.032585+00	\N
99	1	112	9	2023-03-24 17:39:41.25714+00	2023-03-24 17:39:41.257169+00	\N
100	1	112	5	2023-03-24 17:40:00.02381+00	2023-03-24 17:40:00.023836+00	\N
101	1	93	5	2023-03-25 10:41:05.615928+00	2023-03-25 10:41:05.615957+00	\N
102	1	93	12	2023-03-25 10:41:16.745423+00	2023-03-25 10:41:16.745462+00	\N
103	2	93	9	2023-03-25 10:41:29.577215+00	2023-03-25 10:41:29.577241+00	\N
270	1	172	23	2023-04-04 10:48:50.921655+00	2023-04-04 10:48:50.921684+00	
271	1	173	9	2023-04-04 10:52:54.673021+00	2023-04-04 10:52:54.67305+00	
272	1	174	8	2023-04-04 10:54:35.923383+00	2023-04-04 10:54:35.923409+00	
273	1	175	9	2023-04-04 11:28:48.083689+00	2023-04-04 11:28:48.083714+00	
274	1	176	29	2023-04-04 11:59:12.098915+00	2023-04-04 11:59:12.098941+00	
275	1	177	29	2023-04-04 13:28:21.332845+00	2023-04-04 13:28:21.332873+00	
276	1	178	26	2023-04-04 14:14:23.24923+00	2023-04-04 14:14:23.249257+00	
163	1	133	1	2023-03-28 09:32:07.466929+00	2023-03-28 09:32:07.466961+00	
164	1	133	5	2023-03-28 09:32:21.335687+00	2023-03-28 09:32:21.335732+00	L
165	1	133	9	2023-03-28 09:32:34.252334+00	2023-03-28 09:32:34.252369+00	
166	1	134	6	2023-03-28 09:52:18.675947+00	2023-03-28 09:52:18.675973+00	
167	1	134	11	2023-03-28 09:52:34.065173+00	2023-03-28 09:52:34.065198+00	
168	1	134	1	2023-03-28 09:52:48.388099+00	2023-03-28 09:52:48.388149+00	
169	1	135	10	2023-03-28 10:12:26.233028+00	2023-03-28 10:12:26.233054+00	
170	1	135	3	2023-03-28 10:12:27.981556+00	2023-03-28 10:12:27.981583+00	
171	1	135	2	2023-03-28 10:12:34.032766+00	2023-03-28 10:12:34.032794+00	
172	1	137	9	2023-03-28 10:23:52.57522+00	2023-03-28 10:23:52.575244+00	
173	1	137	1	2023-03-28 10:23:55.028576+00	2023-03-28 10:23:55.028604+00	
174	1	137	3	2023-03-28 10:23:58.868414+00	2023-03-28 10:23:58.868442+00	
113	2	107	8	2023-03-26 12:11:29.682155+00	2023-03-26 12:13:00.334313+00	
175	1	139	1	2023-03-28 10:54:25.494651+00	2023-03-28 10:54:25.494676+00	
114	1	107	5	2023-03-26 12:11:44.492044+00	2023-03-26 12:13:03.639053+00	L
115	1	107	12	2023-03-26 12:12:04.045533+00	2023-03-26 12:13:23.753805+00	120
116	1	120	5	2023-03-26 12:16:50.276842+00	2023-03-26 12:16:50.276877+00	
176	1	139	8	2023-03-28 10:54:31.435819+00	2023-03-28 10:54:31.43585+00	
118	1	120	4	2023-03-26 12:17:09.932339+00	2023-03-26 12:17:09.932366+00	
277	1	178	18	2023-04-04 14:14:41.403117+00	2023-04-04 14:14:41.403147+00	
144	1	114	12	2023-03-27 12:04:48.769384+00	2023-03-27 12:04:48.769413+00	130
278	1	179	15	2023-04-04 14:20:53.813918+00	2023-04-04 14:20:53.81395+00	120
279	1	179	5	2023-04-04 14:20:59.65161+00	2023-04-04 14:20:59.651638+00	M
280	1	179	3	2023-04-04 14:21:04.61255+00	2023-04-04 14:21:04.612575+00	
177	5	152	1	2023-03-28 12:54:47.151809+00	2023-03-28 12:54:56.61894+00	
281	1	180	5	2023-04-04 14:34:14.726084+00	2023-04-04 14:34:14.726113+00	L
282	1	180	15	2023-04-04 14:34:49.911474+00	2023-04-04 14:34:49.9115+00	120
283	1	181	12	2023-04-04 14:40:34.638465+00	2023-04-04 14:40:34.638496+00	125
284	1	182	23	2023-04-04 14:44:49.98853+00	2023-04-04 14:44:49.988556+00	
285	1	184	25	2023-04-04 14:45:47.401811+00	2023-04-04 14:45:47.401837+00	
178	1	152	9	2023-03-28 12:55:02.001455+00	2023-03-28 12:55:12.600834+00	
286	1	183	1	2023-04-04 14:50:02.960161+00	2023-04-04 14:50:02.960186+00	
287	1	186	9	2023-04-10 17:12:14.164506+00	2023-04-10 17:12:14.164614+00	
288	1	186	29	2023-04-11 08:00:12.612526+00	2023-04-11 08:00:12.612572+00	
228	1	161	12	2023-03-29 16:17:14.3909+00	2023-03-29 16:17:14.390927+00	120
289	1	186	1	2023-04-11 08:00:18.819644+00	2023-04-11 08:00:18.819669+00	
290	1	186	18	2023-04-11 08:00:23.50447+00	2023-04-11 08:00:23.504497+00	
291	1	186	4	2023-04-11 08:00:28.011007+00	2023-04-11 08:00:28.011032+00	
229	1	161	3	2023-03-29 16:17:19.912464+00	2023-03-29 16:19:08.324411+00	
227	1	161	8	2023-03-29 16:17:10.013706+00	2023-03-29 16:19:09.685382+00	
292	1	186	15	2023-04-11 08:00:35.391778+00	2023-04-11 08:00:35.391804+00	120
231	1	131	3	2023-03-29 16:21:37.361108+00	2023-03-29 16:21:37.361133+00	
230	2	131	8	2023-03-29 16:21:29.420391+00	2023-03-29 16:21:55.16399+00	
293	3	188	29	2023-04-11 09:39:59.032543+00	2023-04-11 09:40:28.038103+00	
\.


--
-- Data for Name: catalog_category; Type: TABLE DATA; Schema: public; Owner: generaladmin
--

COPY public.catalog_category (id, title, slug, image, description) FROM stdin;
2	Сумки чоловічі	mens_bags	photos/2022/11/26/сумки.webp	Не таскай все в карманцах, клади в сумку і кайфуй. дивись тіки шоб не спиздили
1	Ремені	belts	photos/2023/01/11/remni.jpg	Оберіть для себе чи близького найкращий за якістю та найстильніший ремінь. Тут зібрано найкращі зразки з нині існуючих на ринку
3	Гаманці	wallets	photos/2023/01/11/wallets_1.jpeg	Маєш бабос? Обирай гаманець і носи там щоб м'ялись купюри
4	Рюкзаки	backpacks	photos/2023/03/30/рюкзаки_всі.webp	Рюкзачки  стануть стильним доповненням до будь-якого образу, вмістять всі необхідні речі та надійно прослужать не один сезон Вони чудово підійдуть не тільки для подорожей чи спортзалу, але й для звичайних прогулянок.
5	Парасольки	umbrellas	photos/2023/03/31/мужикззонтом.jpeg	Парасоля для чоловіка це не просто засіб захисту від дощу, але і важливий елемент стилю.
\.


--
-- Data for Name: catalog_product; Type: TABLE DATA; Schema: public; Owner: generaladmin
--

COPY public.catalog_product (id, name, description, price, material, quantity, category_id, slug, top_seller, selected) FROM stdin;
3	Сумка-планшет чоловіча Guess HMEVZL-P2223-BLA Black (7628067763053)	Стильна та практична чоловіча сумка-планшет від Guess. Добре підходить для повсякденного носіння. Поєднується з будь-яким одягом. Відмінне рішення для зберігання гаманця, смартфона та різних дрібниць.\r\n\r\nОсобливості:\r\n\r\nМодель з одним відділенням.\r\nЗастібається на блискавку.\r\nУсередині дві кишені для різних дрібниць.\r\nДовгий незнімний ремінь з регулюванням.\r\nМеталева фурнітура сріблястого кольору.\r\nФірмовий логотип Guess.\r\n\r\nКраїна-виробник товару: М'янма	3280	Шкіра	43	2	sumka-planshet-cholovicha-guess-hmevzl-p2223-bla-b	f	f
2	Чоловічий  ремінь  Morison Atelier `Mantaray`	Колір: чорний \r\nРозмір: XS - 100 см	1900	Натуральна шкіра	13	1	cholovichij-remin-morison-atelier-mantaray	f	f
4	Сумка крос-боді Puma Ferrari Sptwr Portable 07808702 Black (4063698095099)	Покажіть свою любов до бездоганних інженерних рішень та безпомилкової роботи двигунів із сумкою кросс-боді Puma Ferrari Sptwr Portable з автоспортивної колекції бренду Scuderia Ferrari.\r\n\r\nЦя сумка – втілення адреналіну автоперегонів та класне доповнення будь-якого образу. Відрізняється модним силуетом, а також безліччю відділень – для простої систематизації речей.\r\n\r\nХарактеристики:\r\n\r\nОсновне відділення та зовнішня кишеня на застібці-блискавці.\r\nПлечова лямка з регулюванням довжини.\r\nКолір: Чорний\r\nКраїна-виробник товару: Китай\r\nКраїна реєстрації бренду: Німеччина	772	Поліестер	26	2	sumka-kros-bodi-puma-ferrari-sptwr-portable-078087	f	f
1	Ремінь чоловічий TOMMY HILFIGER New Denton Belt 4.0 E367863162 85 Чорний	Виробник: Tommy Hilfiger\r\nКолір: Чорний\r\nШирина ременя: 4 cm	1089	Натуральна шкіра - лицева	16	1	remin-cholovichij-tommy-hilfiger-new-denton-belt-4	t	f
6	Гаманець на кнопці з блискавкою  MD "REFORM"	Размер 20*10 см\r\n\r\nКолір як на фото.\r\n\r\nКраїна виробник: Китай	886	Шкіра	80	3	gamanec-na-knopci-z-bliskavkoyu-md-rozmir-2010-sm	f	f
12	Чоловічий ремінь Armani	Колір: чорний \r\nТип застібки: класична \r\nУпаковка: фірмова коробка	700	Шкіра	8	1	cholovichij-remin-armani	t	f
7	Портмоне на блискавці з кнопкою MD шкіряний "REFORM"	Розміри; 20*11 см\r\n\r\nКолір як на фото\r\n\r\nКраїна-виробник: Китай	900	Шкіра	51	3	portmone-na-bliskavci-z-knopkoyu-md-shkiryanij-roz	f	f
10	Портмоне на блискавці MD шкіряний  "REFORM"	Розміри; 21*11.5 см\r\n\r\nКолір як на фото\r\n\r\nКраїна-виробник: Китай	960	Шкіра	75	3	portmone-na-bliskavci-md-shkiryanij-rozmir-21115-s	t	f
11	Портмоне CALVIN KLEIN "REFORM"	Розмір 14*9.5 см\r\n\r\nКраїна-виробник: Китай	870	Шкіра	68	3	portmone-calvin-klein-rozmir-1495-sm-reform	f	f
8	Купюрник шкіряний на блискавці "REFORM"	Розмір 21*11 см\r\n\r\nКолір як на фото.\r\n\r\nКраїна-виробник: Китай	900	Шкіра	78	3	kupyurnik-shkiryanij-na-bliskavci-rozmiri-2111-sm	f	f
9	Купюрник шкіряний MD на блискавці REFORM"	Розмір 21*11 см\r\n\r\nКолір як на фото.\r\n\r\nКраїна-виробник: Китай	1000	Шкіра	98	3	kupyurnik-shkiryanij-md-na-bliskavci-rozmiri-2111	f	f
15	Чоловічий шкіряний ремінь  Morison Atelier `Thando`	Якщо ваш чоловік любить простоту і вишукані речі, йому обов'язково сподобається цей шкіряний ремінь.  Аксесуар виготовлений з натуральної шкіри італійського виробництва і відмінно виглядає практично з усіма образами. Саме ремінь чорного кольору говорить про статус вашого чоловіка.  Такий подарунок найкраще показує ваше уваги і розумінні його цінностей.  Чорний шкіряний ремінь - бездоганна деталь в кожному діловому образі.  Проте, він виглядає стильно і з джинсами під час прогулянки.	2100	Натуральна шкіра	10	1	cholovichij-shkiryanij-remin-morison-atelier-thand	f	f
16	Чоловічий ремінь CALVIN KLEIN	В колекціях Calvin Klein відображаються сміливі, сучасні ідеї та спокуслива естетика. Клієнти цінують їх за комфорт, довговічність та різноманітність моделей. Колекції бренду створені переважно у ніжних кольорах, але деякі моделі також доступні в насичених кольорах. Все це відповідає найновішим трендам. У рекламі бренду виступали багато зірок світового формату, в тому числі Kate Moss, Kendal Jenner або Justin Bieber. Кампанії CK часто дуже чуттєві. Цілісний імідж бренду зробив його одним з найвідоміших і бажаних у світі.	2300	Натуральна шкіра - лицева	12	1	cholovichij-remin-calvin-klein	f	f
17	Сумка Tommy Hilfiger	Сьогодні Tommy Hilfiger - це культовий бренд, який у всьому світі ототожнюється з класичним, американським стилем та високою якістю.Характерними кольорами бренду, які можна побачити на логотипі, є білий, червоний і темно-синій. Понад 35 років в кампаніях бренду було багато зірок, серед яких Snoop Dogg, Mariah Carey, David Bowie, Leonardo DiCaprio та Michael Jackson..	6600	Натуральна шкіра - лицева	7	2	sumka-tommy-hilfiger	f	f
19	Шкіряний чоловічий гаманець-клатч на блискавці з блоком під картки Marco Coverna	Аксесуар має в собі додатковий блок на магнітних металевих кнопках, в який можна помістити кредитні картки і купюри невеликого номіналу. У комплекті з гаманцем йде шкіряний зап'ястний ремінець. Дану модель можна носити на долоні за допомогою спеціального прилеглого ременя. Зручний і місткий чоловічий аксесуар поєднує в собі всі корисні властивості гаманця, а також барсетки. Такий виріб буде просто відмінно подарувати чоловікові в якості подарунка.	1600	Шкіра	36	3	shkiryanij-cholovichij-gamanec-klatch-na-bliskavci	t	f
5	Чоловіча сумка шкіряна Laras K101026 Brown (ROZ6300004230)	Містка сумка зі шкіри. Зручна та легка, підходить для міста, туристичних поїздок, спорту. Всередині має одне відділення, одну кишеню на змійці, дві кишені для дріб'язку.\r\nЗ тильного боку: одна кишеня на змійці.\r\nЗ лицьового боку: містка кишеня на змійці та дві накладні кишені на кнопці.\r\nЄ дві бічні кишені. Підкладка: текстиль. Є знімний плечовий ремінь.\r\nКолір\r\nКоричневий\r\nРозміри\r\n40 х 30 х 12 см\r\nКраїна-виробник товару\r\nТаїланд\r\nКраїна реєстрації бренду\r\nТаїланд	2500	Шкіра	57	2	cholovicha-sumka-shkiryana-laras-k101026-brown-roz	t	t
18	Сумка для чоловіків з натуральної шкіри бренду John McDee	Відмінна і надійнашкіряна сумка фабричного бренду John McDeeвиготовлена з натуральної телячої шкіри глянцевого коричневого кольору високої якості, має високоякісну обробку і стильний модний дизайн. Оригінальна забарвлення і фактура шкіри надає стильність і дорогий вид виробу. Сумка відповідає бренду і останнім тенденціям моди і якості. Має класичний стриманий дизайн - простий, лаконічний, зручний і надійний. Сумка має два великих містких відділення на двосторонніх блискавках, кожне з яких має додаткові відділення та кишені для документів, відсіків для канцтоварів, візиток, кредитних карт, портмоне і інших важливих речей. одне відділення відкривається повністю по периметру трьох сторін, а друге в межах між ушитими сторонами зліва направо або навпаки. Фурнітура вироби - фірмова. Застібки і блискавки - якісні та надійні. Внутрішнє оздоблення - високоякісний текстиль і шкіра. Для зручності використання сумка має подвійні надійні шкіряні ручки і шкіряний ремінь через плече, регульований по довжині. При бажанні ремінь через плече можна легко відстебнути і користуватися тільки ручками на сумці. Сумка може використовуватися, як: сумка, портфель, шкіряна сумка для документів, ноутбука, подорожей і ділових поїздок. Характеристики Розмір 38 × 15 × 26.5	5700	Натуральна шкіра	24	2	sumka-dlya-cholovikiv-z-naturalnoyi-shkiri-brendu	f	f
21	Рюкзак коричневий Estro	Універсальний міський рюкзак, який стане в нагоді у будь-якій ситуації. Наплічник — надійний та функціональний, виконаний у маскулінному стилі. Має два об'ємних відділи та велику зовнішню кишеню, куди легко поміститься ноутбук, телефон, планшет, додатковий одяг та інші особисті речі. Гармонійно впишеться у гардероб у стилі кежуал та спортивному, також цілком доречно виглядатиме з офісними луками. Його можна легко брати з собою на зустрічі з друзями та у короткі подорожі. Також він пасуватиме з пальтами та куртками різної довжини, бомберами та піджаками. Оскільки рюкзаки всесезонний аксесуар — ви обов'язково знайдете для нього практичне застосування.	6400	Шкіра	68	4	ryukzak-korichnevij-estro	t	f
23	Місткий міський рюкзак SWISSGEAR	Дана модель є якісною реплікою, яка пошита за ліцензією компанії Wenger. Рюкзак ідеально підійде для щоденного використання. Міцний матеріал, з якого виконаний рюкзак, володіє водовідштовхувальними властивостями. Місткістю рюкзака можна регулювати за допомогою спеціальної зовнішньої блискавки, яка проходить по всьому периметру рюкзак. Спинка і шлейки в рюкзаку виконані з ергономічними елементами, які володіють ортопедичними властивостями. Система циркуляції повітря AirFlow дозволить Вашій спині "дихати"	1800	Міцний нейлон	71	4	mistkij-miskij-ryukzak-swissgear	f	f
24	Рюкзак Armani Exchange	юкзак із колекції Armani Exchange. Модель виготовлена із екологічної шкіри.\r\n- Модель з одним відділенням.\r\n- Застібається на двосторонню блискавку.\r\n- Коротка ручка.\r\n- Усередині додаткові кишені.\r\n- Розрахована на формат А4.\r\n- Регульована довжина ремінців.\r\n- Декоративна деталь спереду.\r\n- Глибина: 15 cm.\r\n- Висота: 39 cm.\r\n- Ширина біля основи: 32 cm.	4600	Поліестер	96	4	ryukzak-armani-exchange	f	f
25	Рюкзак XS Porsche Design Urban Eco	Рюкзак XS Porsche Design Urban Eco - нова колекція від Porsche Design, яка виготовлена ​​із перероблених та повторно використовуваних матеріалів, сертифікованих GRS.\r\n\r\nСтворення функціональних сумок, які виглядають модно та стильно, а також з розкішних матеріалів – непросте завдання. Porsche Design Urban Eco Collection – це стиль, функціональність для повсякденного використання, поїздок, бізнесу та подорожей.\r\nВодостійка тканина з переробленого поліестеру з гумовим елементами забезпечує зносостійкість та захист. Унікальне оздоблення та чорна фурнітура додають завершальний штрих.\r\n\r\nОсновне відділення має кишеню для ноутбука, діагоналлю 13 дюймів, з додатковою кишенею на блискавці та органайзером, плоску кишеню зі світловідбиваючими смужками, додаткові бічні кишені, приховану кишеню ззаду, зручні та регульовані по довжині плечові ремені, USB-порт. Дощовик у комплекті, який ховається в кишеню знизу.	8900	Поліестер	100	4	ryukzak-xs-porsche-design-urban-eco	t	f
26	ПАРАСОЛЬКА ТРОСТИНА З ДЕРЕВ'ЯНОЮ РУЧКОЮ J WOODEN BLACK	Класична модель із ручкою з натурального дерева.\r\n\r\n8 спиць, каркас зі скловолокна - ідеальне поєднання надійності, легкості конструкції, практичності та зовнішнього вигляду.\r\n\r\nКупальна тканина – епонж. Епонж приємний на дотик, має водовідштовхуючий ефект і дуже швидко сохне.\r\n\r\nСмуга, що закриває на заклепці.\r\n\r\nДизайнерська J-подібна ручка із натурального дерева. Окрім гарного зовнішнього вигляду, це ще й дуже практично.\r\n\r\nЧи варто говорити, що наша парасолька чудово справляється зі своїм прямим завданням і захищає від зливи на всі 100%? Довжина кола купола майже 1,4 м! Навіть косому дощу доведеться дуже постаратися, щоб намочити ваші ноги	1100	Епонж	123	5	parasolka-trostina-z-derevyanoyu-ruchkoyu-j-wooden	f	f
27	ПАРАСОЛЬКА RING	Нова складна автоматична компактна парасолька зі збільшеним розміром купола!\r\n\r\nПарасолі KRAGO - це стиль і найвища якість за доступною ціною. Повний автомат, зручний у використанні, легко відкривається та закривається однією рукою.\r\nДизайнерська ручка парасольки виглядає стильно та елегантно. Унікальний дизайн підійде всім, хто хоче отримати не тільки міцну, але й гарну парасольку.\r\nКупольна тканина - епонж (210-300Т). Він приємний на дотик, має водовідштовхуючий ефект і дуже швидко висихає.\r\nВсі рядки парасольки прошиті за технологією подвійного зшивання, що забезпечує кращу герметичність. Парасолька має 10 спиць і скловолоконний каркас, що робить його надійним, красивим, практичним і легким. Посилені вітрозахисні характеристики дозволяють почуватися впевнено у будь-яку погоду.\r\n\r\n\r\nПовний автомат\r\n10-ти спицевий каркас зі скловолокна\r\nПрогумована ручка\r\nДіаметр купола – 115см\r\nДовжина у складеному стані - 35см\r\nДуже зручний чохол у комплекті\r\n\r\n\r\nЦя парасолька, безумовно, Ваш найкращий вибір! Це чудовий подарунок для ваших батьків, друзів, колег. Ну чи для себе, звичайно!	1000	Епонж	111	5	parasolka-ring	f	f
28	ПАРАСОЛЬКА ТРОСТИНА  SOFT TOUCH	Нова модель тростини з 10-ти спицевим каркасом та ручкою Soft Touch\r\n\r\nНезмінно висока якість, увага до деталей, стиль, дизайн і незвичайні колірні рішення - все це тепер уже не тільки про наших метеликів, а й про парасольки.\r\n\r\n10 спиць, каркас зі скловолокна - ідеальне поєднання надійності, легкості конструкції, практичності та зовнішнього вигляду.\r\n\r\nКупольна тканина – епонж. Епонж приємний на дотик, має водовідштовхуючий ефект і дуже швидко сохне.\r\n\r\nДизайнерська ручка із пластику високої якості не залишить Вас байдужим. Парасолька не ковзає, її приємно та зручно тримати в одній руці завдяки покриттю Soft Touch.\r\n\r\nТакож ми подбали і про складання парасольки. Тепер не потрібно переживати, що липучка відклеїться. Чому? Тому що наші парасольки не мають липучок на тканині! Замість неї ми зробили смугу на кнопці, яка буде служити довгі сезони.\r\n\r\nВи будете приємно здивовані тим, як плавно відкривається ця парасолька. Це відчуття не можна передати словами. Кожен, хто хоч раз тримав цю модель у руках, відмовляється від своєї старої парасольки. Купуючи парасольку KRAGO, Ви насамперед отримуєте стиль, преміум за невисокою ціною та увагу з боку оточуючих. Ми точно знаємо, адже самі користуємося цією парасолькою і щоразу "ловимо" зацікавлені погляди.\r\n\r\nЧи варто говорити, що наша парасолька чудово справляється зі своїм прямим завданням і захищає від зливи на всі 100%? Довжина кола купола майже 1,5 м! Навіть косому дощу доведеться дуже постаратися, щоб намочити ваші ноги.	1300	Епонж	97	5	parasolka-trostina-soft-touch	f	f
29	ПАРАСОЛЬКА ТРОСТИНА BLUE SILVER	8 спиць, каркас зі скловолокна - ідеальне поєднання надійності, легкості конструкції, практичності та зовнішнього вигляду.\r\n\r\nКупальна тканина – епонж. Епонж приємний на дотик, має водовідштовхуючий ефект і дуже швидко сохне.\r\n\r\nДизайнерська ручка із пластику високої якості не залишить Вас байдужим. Парасолька не ковзає, її приємно та зручно тримати в одній руці.\r\n\r\nТакож ми подбали і про складання парасольки. Тепер не треба переживати, що липучка відклеїться. Чому? Тому що наші парасольки не мають липучок на тканині! Замість неї ми зробили силіконову смугу, яка служитиме довгі сезони.\r\n\r\nВи будете приємно здивовані тим, як плавно відкривається ця парасолька. Це відчуття не можна передати словами. Кожен, хто хоч раз тримав цю модель у руках, відмовляється від своєї старої парасольки. Купуючи парасольку KRAGO, Ви насамперед отримуєте стиль, преміум за невисокою ціною та увагу з боку оточуючих. Ми точно знаємо, адже самі користуємося цією парасолькою і щоразу "ловимо" зацікавлені погляди.	1200	Епонж	89	5	parasolka-trostina-blue-silver	t	f
22	Рюкзак Mark Ryden Opti	Новий чорний міський рюкзак Opti від Mark Ryden – це оптимальний баланс стилю, сучасних трендів, комфорту та надійності. Якщо ви шукаєте діловий рюкзак, з яким зручно ходити на бізнес-зустрічі, на роботу чи навчання, ви бажаєте гідно виглядати кожен день, то Opti – саме те, що вам потрібно. Діловой портфель має лаконічний дизайн, але з цікавими деталями. Він оптимальний за формою, розміром, внутрішньому наповненню для щоденного використання у місті, але його також зручно брати в невеликі подорожі та відрядження. Він виконаний з якісних міцних матеріалів, які не тільки чудово виглядають, але й надійні в інтенсивному використанні, довго зберігають свій початковий вигляд.\r\n\r\nОсобливу увагу розробники бренду Марк Райден як завжди приділили найкращій функціональністі рюкзака. Починаючи від підбору комбінації водозахисного вінілу, що захищає ваші речі всередині, до надійної фурнітури, яка по-справжньому зручна у використанні (наприклад, магнітна застібка). Рюкзак відмінно пристосований для переноски ноутбука з діагоналлю 15,6 дюймів, оснащений регульованими лямками і ручкою для переноски і зберігання.	3500	Вініл	56	4	ryukzak-mark-ryden-opti	t	t
20	Чоловічий портмоне Lacoste	Легкість та елегантність цього гаманця, повністю виготовленого з гладенької шкіри, довершує матовий металевий крокодил, виконаний у стриманому стилі. Завжди актуальний та бездоганний.\r\n\r\nМатеріал: Шкіра (100%) / Всередині: Шкіра (100%) / Підкладка: бавовна (100%)\r\nШість внутрішніх слотів для карт\r\nБрендова символіка у формі матового металевого крокодила з нікелю\r\nБавовняна підкладка\r\nЗовнішня та внутрішня обробка зі шкіри	3200	Шкіра	47	3	cholovichij-portmone-lacoste	f	f
\.


--
-- Data for Name: catalog_product_size; Type: TABLE DATA; Schema: public; Owner: generaladmin
--

COPY public.catalog_product_size (id, product_id, productsize_id) FROM stdin;
1	12	1
2	12	2
3	12	3
4	12	4
5	5	8
6	5	7
11	15	2
12	16	2
13	16	3
14	16	4
\.


--
-- Data for Name: catalog_productimage; Type: TABLE DATA; Schema: public; Owner: generaladmin
--

COPY public.catalog_productimage (id, image, product_id, is_main) FROM stdin;
65	photos/2023/03/30/парасоля_ринг_2.webp	27	f
6	photos/2022/11/26/MD_20x10.webp	6	f
7	photos/2022/11/26/МД_20х11.webp	7	f
8	photos/2022/11/26/купюрник_21х11.webp	8	f
9	photos/2022/11/26/купюрник_2.webp	9	f
10	photos/2022/11/26/МД_з_лого.webp	10	f
11	photos/2022/11/26/келвін_кляйн.webp	11	f
66	photos/2023/03/30/парасоля_ринг_3.webp	27	f
5	photos/2022/11/26/laras.jpg	5	f
4	photos/2022/11/26/puma.jpg	4	f
67	photos/2023/03/30/парасолька_софт.webp	28	f
3	photos/2022/11/26/guess.jpg	3	f
68	photos/2023/03/30/парасолька_софт_2.webp	28	f
2	photos/2022/11/26/251_8f2d057dcbb6b5c43484e0bca2a639de_d41d8cd98f00b204e9800998ecf8427e.jpg	2	f
1	photos/2022/11/26/tommy-hilfiger-cholovichii-remin-new-denton-belt-4-0-e367863162-85-chornii.webp	1	f
12	photos/2022/11/27/remin1_pict2.webp	1	f
13	photos/2022/11/27/remin1_pict3.webp	1	f
14	photos/2023/01/12/ремінь_армані_1.webp	12	f
15	photos/2023/01/12/ремінь_армані_2.webp	12	f
16	photos/2023/01/12/ремінь_армані_3.webp	12	f
69	photos/2023/03/30/парасолька_софт_3.webp	28	f
18	photos/2023/03/30/ремінь_Морисон2.jpg	15	f
17	photos/2023/03/30/ремінь_Морисон.jpg	15	f
19	photos/2023/03/30/ремінь_Морисон3.jpg	15	f
20	photos/2023/03/30/ремінь_Морисон4.jpg	15	f
21	photos/2023/03/30/ремінь_Морисон_5.jpg	15	f
22	photos/2023/03/30/келвин_кляйн.webp	16	f
23	photos/2023/03/30/келвин_кляйн_2.webp	16	f
24	photos/2023/03/30/келвин_кляйн_3.webp	16	f
25	photos/2023/03/30/сумка_tommy-hilfiger.webp	17	f
26	photos/2023/03/30/сумка_tommy-hilfiger_2.webp	17	f
27	photos/2023/03/30/сумка_джохан.webp	18	f
30	photos/2023/03/30/Снимок_экрана_от_2023-03-30_14-24-49.png	19	f
31	photos/2023/03/30/Снимок_экрана_от_2023-03-30_14-25-09.png	19	f
32	photos/2023/03/30/Снимок_экрана_от_2023-03-30_14-25-25.png	19	f
34	photos/2023/03/30/Снимок_экрана_от_2023-03-30_14-30-06.png	19	f
38	photos/2023/03/30/lacostе_3.webp	20	f
39	photos/2023/03/30/рюкзак_естро.jpg	21	f
40	photos/2023/03/30/рюкзак_естро_2.jpg	21	f
41	photos/2023/03/30/рюкзак_естро_3.jpg	21	f
42	photos/2023/03/30/рюкзак_естро_4.jpg	21	f
44	photos/2023/03/30/рюкзак_марк_риден_2.jpg	22	f
46	photos/2023/03/30/рюкзак_марк_риден_4.jpg	22	f
47	photos/2023/03/30/рюкзак_марк_риден_5.jpg	22	f
48	photos/2023/03/30/рюкзак_свисс.jpg	23	f
49	photos/2023/03/30/рюкзак_свисс_2.jpg	23	f
50	photos/2023/03/30/рюкзак_свисс_3.jpg	23	f
51	photos/2023/03/30/рюкзак_Армани_.jpg	24	f
52	photos/2023/03/30/рюкзак_Армани_2.jpg	24	f
53	photos/2023/03/30/рюкзак_Армани_3.jpg	24	f
54	photos/2023/03/30/рюкзак_порше_.jpg	25	f
55	photos/2023/03/30/рюкзак_порше_2.jpg	25	f
56	photos/2023/03/30/рюкзак_порше_3.jpg	25	f
57	photos/2023/03/30/рюкзак_порше_4.jpg	25	f
58	photos/2023/03/30/рюкзак_порше_5.jpg	25	f
59	photos/2023/03/30/рюкзак_поре_6.jpg	25	f
60	photos/2023/03/30/парасоля_вуден.webp	26	f
61	photos/2023/03/30/парасоля_вуден_2.webp	26	f
62	photos/2023/03/30/парасоля_вуден_3.webp	26	f
63	photos/2023/03/30/парасоля_вуден_4.webp	26	f
70	photos/2023/03/30/парасоля_блу.webp	29	f
71	photos/2023/03/30/парасоля_блу_2.webp	29	f
72	photos/2023/03/30/парасоля_блу_3.webp	29	f
73	photos/2023/03/30/парасоя_блу_4.webp	29	f
45	photos/2023/03/30/рюкзак_марк_риден_3.jpg	22	t
64	photos/2023/03/30/парасоля_ринг.jpg	27	t
43	photos/2023/03/30/рюкзак_марк_риден.jpg	22	f
35	photos/2023/03/30/lacoste_2.webp	20	f
37	photos/2023/03/30/lacoste_4.webp	20	t
29	photos/2023/03/30/сумка_джохан_3.webp	18	f
28	photos/2023/03/30/сумка_джохан_2.webp	18	t
\.


--
-- Data for Name: catalog_productsize; Type: TABLE DATA; Schema: public; Owner: generaladmin
--

COPY public.catalog_productsize (id, size) FROM stdin;
1	115
2	120
3	125
4	130
5	110
6	S
7	M
8	L
9	XL
10	XS
\.


--
-- Data for Name: django_admin_log; Type: TABLE DATA; Schema: public; Owner: generaladmin
--

COPY public.django_admin_log (id, action_time, object_id, object_repr, action_flag, change_message, content_type_id, user_id) FROM stdin;
1	2022-11-13 13:28:42.446984+00	1	Ремені	1	[{"added": {}}]	7	3
2	2022-11-13 15:56:23.772591+00	1	Ремінь чоловічий TOMMY HILFIGER New Denton Belt 4.0 E367863162 85 Чорний	1	[{"added": {}}]	8	3
3	2022-11-13 16:02:55.357854+00	2	Чоловічий  ремінь  Morison Atelier `Mantaray`	1	[{"added": {}}]	8	3
4	2022-11-13 16:05:24.796862+00	1	ProductImage object (1)	1	[{"added": {}}]	9	3
5	2022-11-13 16:06:06.037141+00	2	ProductImage object (2)	1	[{"added": {}}]	9	3
6	2022-11-13 16:55:46.890122+00	2	ProductImage object (2)	2	[{"changed": {"fields": ["\\u0424\\u043e\\u0442\\u043e"]}}]	9	3
7	2022-11-13 16:56:12.959909+00	2	ProductImage object (2)	2	[{"changed": {"fields": ["\\u0424\\u043e\\u0442\\u043e"]}}]	9	3
8	2022-11-13 17:18:09.369991+00	2	Сумки чоловічі	1	[{"added": {}}]	7	3
9	2022-11-13 17:24:04.289677+00	3	Сумка-планшет чоловіча Guess HMEVZL-P2223-BLA Black (7628067763053)	1	[{"added": {}}]	8	3
10	2022-11-13 17:28:20.297398+00	4	Сумка крос-боді Puma Ferrari Sptwr Portable 07808702 Black (4063698095099)	1	[{"added": {}}]	8	3
11	2022-11-13 17:30:49.890471+00	5	Чоловіча сумка шкіряна Laras K101026 Brown (ROZ6300004230)	1	[{"added": {}}]	8	3
12	2022-11-13 17:33:24.400111+00	3	ProductImage object (3)	1	[{"added": {}}]	9	3
13	2022-11-13 17:36:17.931662+00	4	ProductImage object (4)	1	[{"added": {}}]	9	3
14	2022-11-13 17:36:33.248703+00	5	ProductImage object (5)	1	[{"added": {}}]	9	3
15	2022-11-19 15:59:01.817823+00	1	Ремінь чоловічий TOMMY HILFIGER New Denton Belt 4.0 E367863162 85 Чорний	2	[{"changed": {"fields": ["\\u041e\\u043f\\u0438\\u0441 \\u0442\\u043e\\u0432\\u0430\\u0440\\u0443"]}}]	8	3
16	2022-11-19 15:59:25.171813+00	1	Ремінь чоловічий TOMMY HILFIGER New Denton Belt 4.0 E367863162 85 Чорний	2	[]	8	3
17	2022-11-26 12:32:51.124466+00	3	Гаманці	1	[{"added": {}}]	7	3
18	2022-11-26 12:41:32.614009+00	6	ГАМАНЕЦЬ НА КНОПЦІ З БЛИСКАВКОЮ MD РОЗМІР 20*10 СМ "REFORM"	1	[{"added": {}}]	8	3
19	2022-11-26 12:41:55.392096+00	6	ProductImage object (6)	1	[{"added": {}}]	9	3
20	2022-11-26 12:44:39.151743+00	7	ПОРТМОНЕ ЧОЛОВІЧЕ НА БЛИСКАВЦІ З КНОПКОЮ MD ШКІРЯНИЙ РОЗМІР 20*11 СМ "REFORM"	1	[{"added": {}}]	8	3
21	2022-11-26 12:45:34.146121+00	7	ProductImage object (7)	1	[{"added": {}}]	9	3
22	2022-11-26 12:45:54.503555+00	7	ПОРТМОНЕ НА БЛИСКАВЦІ З КНОПКОЮ MD ШКІРЯНИЙ РОЗМІР 20*11 СМ "REFORM"	2	[{"changed": {"fields": ["\\u041d\\u0430\\u0437\\u0432\\u0430 \\u0442\\u043e\\u0432\\u0430\\u0440\\u0443"]}}]	8	3
23	2022-11-26 12:47:43.877579+00	8	КУПЮРНИК ШКІРЯНИЙ НА БЛИСКАВЦІ РОЗМІРИ 21*11 СМ "REFORM"	1	[{"added": {}}]	8	3
24	2022-11-26 12:48:46.189617+00	8	ProductImage object (8)	1	[{"added": {}}]	9	3
25	2022-11-26 13:30:58.442146+00	9	КУПЮРНИК ШКІРЯНИЙ MD НА БЛИСКАВЦІ РОЗМІРИ 21*11 СМ "REFORM"	1	[{"added": {}}]	8	3
26	2022-11-26 13:33:24.708582+00	9	ProductImage object (9)	1	[{"added": {}}]	9	3
27	2022-11-26 13:37:42.776096+00	10	ПОРТМОНЕ НА БЛИСКАВЦІ MD ШКІРЯНИЙ РОЗМІР 21*11.5 СМ "REFORM"	1	[{"added": {}}]	8	3
28	2022-11-26 13:40:43.635404+00	10	ProductImage object (10)	1	[{"added": {}}]	9	3
29	2022-11-26 13:43:08.230776+00	11	ПОРТМОНЕ CALVIN KLEIN РОЗМІР 14*9.5 СМ "REFORM"	1	[{"added": {}}]	8	3
30	2022-11-26 13:44:06.965989+00	11	ProductImage object (11)	1	[{"added": {}}]	9	3
31	2022-11-26 13:44:58.914313+00	5	ProductImage object (5)	2	[{"changed": {"fields": ["\\u0424\\u043e\\u0442\\u043e"]}}]	9	3
32	2022-11-26 13:45:09.867048+00	5	ProductImage object (5)	2	[{"changed": {"fields": ["\\u0424\\u043e\\u0442\\u043e"]}}]	9	3
33	2022-11-26 13:57:25.786591+00	4	ProductImage object (4)	2	[{"changed": {"fields": ["\\u0424\\u043e\\u0442\\u043e"]}}]	9	3
34	2022-11-26 13:57:31.371494+00	3	ProductImage object (3)	2	[]	9	3
35	2022-11-26 13:57:47.578466+00	3	ProductImage object (3)	2	[{"changed": {"fields": ["\\u0424\\u043e\\u0442\\u043e"]}}]	9	3
36	2022-11-26 13:57:59.407591+00	2	ProductImage object (2)	2	[]	9	3
37	2022-11-26 13:58:51.065247+00	2	ProductImage object (2)	2	[{"changed": {"fields": ["\\u0424\\u043e\\u0442\\u043e"]}}]	9	3
38	2022-11-26 13:59:12.833355+00	1	ProductImage object (1)	2	[{"changed": {"fields": ["\\u0424\\u043e\\u0442\\u043e"]}}]	9	3
39	2022-11-26 13:59:43.673832+00	1	Ремені	2	[{"changed": {"fields": ["\\u0424\\u043e\\u0442\\u043e"]}}]	7	3
40	2022-11-26 14:00:02.100719+00	2	Сумки чоловічі	2	[{"changed": {"fields": ["\\u0424\\u043e\\u0442\\u043e"]}}]	7	3
41	2022-11-27 17:07:53.645298+00	12	ProductImage object (12)	1	[{"added": {}}]	9	3
42	2022-11-27 17:08:10.603224+00	13	ProductImage object (13)	1	[{"added": {}}]	9	3
43	2022-12-01 12:00:13.327809+00	3	Гаманці	2	[{"changed": {"fields": ["URL"]}}]	7	3
44	2022-12-01 12:00:49.600157+00	1	Ремені	2	[{"changed": {"fields": ["URL"]}}]	7	3
45	2022-12-01 12:01:52.085159+00	2	Сумки чоловічі	2	[{"changed": {"fields": ["URL"]}}]	7	3
46	2022-12-08 10:29:20.218182+00	6	ГАМАНЕЦЬ НА КНОПЦІ З БЛИСКАВКОЮ MD РОЗМІР 20*10 СМ "REFORM"	2	[{"changed": {"fields": ["Slug"]}}]	8	3
47	2022-12-08 10:29:27.248805+00	9	КУПЮРНИК ШКІРЯНИЙ MD НА БЛИСКАВЦІ РОЗМІРИ 21*11 СМ "REFORM"	2	[{"changed": {"fields": ["Slug"]}}]	8	3
48	2022-12-08 10:29:37.220484+00	8	КУПЮРНИК ШКІРЯНИЙ НА БЛИСКАВЦІ РОЗМІРИ 21*11 СМ "REFORM"	2	[{"changed": {"fields": ["Slug"]}}]	8	3
49	2022-12-08 10:29:41.893725+00	11	ПОРТМОНЕ CALVIN KLEIN РОЗМІР 14*9.5 СМ "REFORM"	2	[{"changed": {"fields": ["Slug"]}}]	8	3
50	2022-12-08 10:29:46.763058+00	10	ПОРТМОНЕ НА БЛИСКАВЦІ MD ШКІРЯНИЙ РОЗМІР 21*11.5 СМ "REFORM"	2	[{"changed": {"fields": ["Slug"]}}]	8	3
51	2022-12-08 10:29:50.300043+00	7	ПОРТМОНЕ НА БЛИСКАВЦІ З КНОПКОЮ MD ШКІРЯНИЙ РОЗМІР 20*11 СМ "REFORM"	2	[]	8	3
52	2022-12-08 10:29:55.426117+00	7	ПОРТМОНЕ НА БЛИСКАВЦІ З КНОПКОЮ MD ШКІРЯНИЙ РОЗМІР 20*11 СМ "REFORM"	2	[{"changed": {"fields": ["Slug"]}}]	8	3
53	2022-12-08 10:30:01.222158+00	1	Ремінь чоловічий TOMMY HILFIGER New Denton Belt 4.0 E367863162 85 Чорний	2	[{"changed": {"fields": ["Slug"]}}]	8	3
54	2022-12-08 10:30:06.424688+00	4	Сумка крос-боді Puma Ferrari Sptwr Portable 07808702 Black (4063698095099)	2	[{"changed": {"fields": ["Slug"]}}]	8	3
55	2022-12-08 10:30:11.596822+00	3	Сумка-планшет чоловіча Guess HMEVZL-P2223-BLA Black (7628067763053)	2	[{"changed": {"fields": ["Slug"]}}]	8	3
127	2023-02-27 16:44:52.94096+00	54	CartItem object (54)	1	[{"added": {}}]	11	5
56	2022-12-08 10:30:17.873861+00	5	Чоловіча сумка шкіряна Laras K101026 Brown (ROZ6300004230)	2	[{"changed": {"fields": ["Slug"]}}]	8	3
57	2022-12-08 10:30:24.356816+00	2	Чоловічий  ремінь  Morison Atelier `Mantaray`	2	[{"changed": {"fields": ["Slug"]}}]	8	3
58	2023-01-10 11:53:18.568703+00	1	Ремінь чоловічий TOMMY HILFIGER New Denton Belt 4.0 E367863162 85 Чорний	2	[{"changed": {"fields": ["\\u0422\\u043e\\u043f \\u043f\\u0440\\u043e\\u0434\\u0430\\u0436\\u0456\\u0432"]}}]	8	3
59	2023-01-10 11:54:06.437826+00	5	Чоловіча сумка шкіряна Laras K101026 Brown (ROZ6300004230)	2	[{"changed": {"fields": ["\\u0422\\u043e\\u043f \\u043f\\u0440\\u043e\\u0434\\u0430\\u0436\\u0456\\u0432"]}}]	8	3
60	2023-01-10 11:54:46.153757+00	11	ПОРТМОНЕ CALVIN KLEIN РОЗМІР 14*9.5 СМ "REFORM"	2	[{"changed": {"fields": ["\\u0422\\u043e\\u043f \\u043f\\u0440\\u043e\\u0434\\u0430\\u0436\\u0456\\u0432"]}}]	8	3
61	2023-01-10 11:55:20.664697+00	10	ПОРТМОНЕ НА БЛИСКАВЦІ MD ШКІРЯНИЙ РОЗМІР 21*11.5 СМ "REFORM"	2	[{"changed": {"fields": ["\\u0422\\u043e\\u043f \\u043f\\u0440\\u043e\\u0434\\u0430\\u0436\\u0456\\u0432"]}}]	8	3
62	2023-01-11 18:43:32.87344+00	1	Ремені	2	[{"changed": {"fields": ["\\u0424\\u043e\\u0442\\u043e"]}}]	7	3
63	2023-01-11 18:46:54.252998+00	1	Ремені	2	[{"changed": {"fields": ["\\u0424\\u043e\\u0442\\u043e"]}}]	7	3
64	2023-01-11 20:07:27.191406+00	1	Ремені	2	[{"changed": {"fields": ["\\u0424\\u043e\\u0442\\u043e"]}}]	7	3
65	2023-01-11 20:24:15.371709+00	3	Гаманці	2	[{"changed": {"fields": ["\\u0424\\u043e\\u0442\\u043e"]}}]	7	3
66	2023-01-12 12:00:45.664097+00	12	Чоловічий ремінь Armani	1	[{"added": {}}]	8	3
67	2023-01-12 12:04:07.828551+00	14	ProductImage object (14)	1	[{"added": {}}]	9	3
68	2023-01-12 12:04:20.948778+00	15	ProductImage object (15)	1	[{"added": {}}]	9	3
69	2023-01-12 12:04:30.800045+00	16	ProductImage object (16)	1	[{"added": {}}]	9	3
70	2023-01-12 12:06:52.920658+00	11	ПОРТМОНЕ CALVIN KLEIN РОЗМІР 14*9.5 СМ "REFORM"	2	[{"changed": {"fields": ["\\u0422\\u043e\\u043f \\u043f\\u0440\\u043e\\u0434\\u0430\\u0436\\u0456\\u0432"]}}]	8	3
71	2023-01-18 17:49:43.362715+00	1	Cart	1	[{"added": {}}]	3	3
72	2023-01-18 17:50:00.407353+00	1	Cart	3		3	3
73	2023-01-18 18:01:24.53202+00	1	Cart object (1)	1	[{"added": {}}]	10	3
74	2023-01-18 19:17:36.921286+00	1	CartItem object (1)	1	[{"added": {}}]	11	3
75	2023-01-18 19:17:59.285609+00	2	CartItem object (2)	1	[{"added": {}}]	11	3
76	2023-01-18 19:18:16.149786+00	3	CartItem object (3)	1	[{"added": {}}]	11	3
77	2023-01-18 20:15:06.335732+00	4	CartItem object (4)	1	[{"added": {}}]	11	3
78	2023-01-23 19:28:25.083959+00	5	CartItem object (5)	1	[{"added": {}}]	11	3
79	2023-01-23 20:33:14.483172+00	4	CartItem object (4)	2	[{"changed": {"fields": ["Quantity"]}}]	11	3
80	2023-01-24 09:17:36.39293+00	2	Cart object (2)	1	[{"added": {}}]	10	3
81	2023-01-24 09:18:15.838684+00	6	CartItem object (6)	1	[{"added": {}}]	11	3
82	2023-01-24 09:18:25.943301+00	7	CartItem object (7)	1	[{"added": {}}]	11	3
83	2023-01-24 09:18:45.307156+00	8	CartItem object (8)	1	[{"added": {}}]	11	3
84	2023-01-24 09:56:39.271508+00	2	Cart object (2)	2	[{"changed": {"fields": ["Status"]}}]	10	3
85	2023-01-24 12:55:58.90461+00	2	Cart object (2)	3		10	3
86	2023-01-24 13:06:42.601779+00	3	Cart object (3)	1	[{"added": {}}]	10	3
87	2023-01-24 13:10:31.622769+00	3	Cart object (3)	3		10	3
88	2023-02-07 19:24:44.693812+00	4	vc@mail.com	1	[{"added": {}}]	6	3
89	2023-02-07 19:40:21.410645+00	4	vc@mail.com	3		6	3
90	2023-02-11 17:14:41.822446+00	4	Cart object (4)	1	[{"added": {}}]	10	5
91	2023-02-12 18:33:46.30823+00	5	valeracrud@mail.com	2	[{"changed": {"fields": ["First name", "Last name"]}}]	6	3
92	2023-02-12 18:34:41.286742+00	3	sapalstanislav@ukr.net	2	[{"changed": {"fields": ["First name", "Last name", "Date of birth", "Gender"]}}]	6	3
93	2023-02-13 09:11:16.346139+00	5	Cart object (5)	1	[{"added": {}}]	10	5
94	2023-02-13 09:11:36.372417+00	29	CartItem object (29)	1	[{"added": {}}]	11	5
95	2023-02-13 09:11:49.154049+00	30	CartItem object (30)	1	[{"added": {}}]	11	5
96	2023-02-19 12:34:04.430361+00	5	Cart object (5)	3		10	3
97	2023-02-20 15:49:11.196576+00	33	CartItem object (33)	1	[{"added": {}}]	11	3
98	2023-02-20 15:49:24.09789+00	34	CartItem object (34)	1	[{"added": {}}]	11	3
99	2023-02-20 20:39:51.445671+00	9	КУПЮРНИК ШКІРЯНИЙ MD НА БЛИСКАВЦІ РОЗМІРИ 21*11 СМ "REFORM"	2	[{"changed": {"fields": ["Price"]}}]	8	3
100	2023-02-20 20:40:13.739912+00	35	CartItem object (35)	1	[{"added": {}}]	11	3
101	2023-02-21 11:57:17.362686+00	36	CartItem object (36)	1	[{"added": {}}]	11	3
102	2023-02-21 17:20:34.797735+00	1	Order object (1)	1	[{"added": {}}]	12	3
103	2023-02-24 17:43:40.096557+00	7	Order object (7)	3		12	3
104	2023-02-24 18:08:28.647624+00	12	Order object (12)	3		12	5
105	2023-02-24 18:08:28.728202+00	11	Order object (11)	3		12	5
106	2023-02-24 18:08:28.761231+00	10	Order object (10)	3		12	5
107	2023-02-24 18:08:28.939231+00	9	Order object (9)	3		12	5
108	2023-02-24 18:08:28.961429+00	8	Order object (8)	3		12	5
109	2023-02-24 18:08:28.97272+00	1	Order object (1)	3		12	5
110	2023-02-27 15:58:00.492178+00	37	CartItem object (37)	1	[{"added": {}}]	11	5
111	2023-02-27 15:58:10.740181+00	38	CartItem object (38)	1	[{"added": {}}]	11	5
112	2023-02-27 16:04:54.332919+00	39	CartItem object (39)	1	[{"added": {}}]	11	5
113	2023-02-27 16:05:01.436563+00	40	CartItem object (40)	1	[{"added": {}}]	11	5
114	2023-02-27 16:11:07.991539+00	41	CartItem object (41)	1	[{"added": {}}]	11	5
115	2023-02-27 16:11:56.787784+00	42	CartItem object (42)	1	[{"added": {}}]	11	5
116	2023-02-27 16:18:33.119965+00	43	CartItem object (43)	1	[{"added": {}}]	11	5
117	2023-02-27 16:18:40.18845+00	44	CartItem object (44)	1	[{"added": {}}]	11	5
118	2023-02-27 16:18:49.154877+00	45	CartItem object (45)	1	[{"added": {}}]	11	5
119	2023-02-27 16:38:44.006474+00	46	CartItem object (46)	1	[{"added": {}}]	11	5
120	2023-02-27 16:40:09.889811+00	47	CartItem object (47)	1	[{"added": {}}]	11	5
121	2023-02-27 16:41:27.779363+00	48	CartItem object (48)	1	[{"added": {}}]	11	5
122	2023-02-27 16:41:35.436087+00	49	CartItem object (49)	1	[{"added": {}}]	11	5
123	2023-02-27 16:41:44.771011+00	50	CartItem object (50)	1	[{"added": {}}]	11	5
124	2023-02-27 16:43:14.493662+00	51	CartItem object (51)	1	[{"added": {}}]	11	5
125	2023-02-27 16:44:35.159709+00	52	CartItem object (52)	1	[{"added": {}}]	11	5
126	2023-02-27 16:44:44.288712+00	53	CartItem object (53)	1	[{"added": {}}]	11	5
128	2023-02-27 16:47:28.057613+00	6	Cart object (6)	1	[{"added": {}}]	10	5
129	2023-02-27 16:47:41.290981+00	55	CartItem object (55)	1	[{"added": {}}]	11	5
130	2023-02-27 16:47:49.957719+00	56	CartItem object (56)	1	[{"added": {}}]	11	5
131	2023-02-27 16:48:04.769554+00	57	CartItem object (57)	1	[{"added": {}}]	11	5
132	2023-02-27 17:03:34.241095+00	19	Order object (19)	3		12	5
133	2023-02-27 17:03:34.280652+00	18	Order object (18)	3		12	5
134	2023-02-27 17:03:34.291824+00	17	Order object (17)	3		12	5
135	2023-02-27 17:03:34.302877+00	16	Order object (16)	3		12	5
136	2023-02-27 17:03:34.313937+00	15	Order object (15)	3		12	5
137	2023-02-27 17:03:34.325038+00	14	Order object (14)	3		12	5
138	2023-02-27 17:03:34.336132+00	13	Order object (13)	3		12	5
139	2023-02-28 11:03:26.405159+00	24	Order object (24)	3		12	3
140	2023-02-28 11:03:26.585898+00	23	Order object (23)	3		12	3
141	2023-02-28 11:03:26.596878+00	22	Order object (22)	3		12	3
142	2023-02-28 11:03:26.608113+00	21	Order object (21)	3		12	3
143	2023-02-28 11:03:26.65248+00	20	Order object (20)	3		12	3
144	2023-02-28 11:41:21.085048+00	58	CartItem object (58)	1	[{"added": {}}]	11	3
145	2023-02-28 11:41:30.711767+00	59	CartItem object (59)	1	[{"added": {}}]	11	3
146	2023-02-28 11:42:03.823497+00	60	CartItem object (60)	1	[{"added": {}}]	11	3
147	2023-02-28 11:42:14.529314+00	61	CartItem object (61)	1	[{"added": {}}]	11	3
148	2023-02-28 14:34:34.218899+00	34	Order object (34)	3		12	3
149	2023-02-28 14:34:34.294089+00	33	Order object (33)	3		12	3
150	2023-02-28 14:34:34.305296+00	32	Order object (32)	3		12	3
151	2023-02-28 14:34:34.316142+00	31	Order object (31)	3		12	3
152	2023-02-28 14:34:34.327453+00	30	Order object (30)	3		12	3
153	2023-02-28 14:34:34.338476+00	29	Order object (29)	3		12	3
154	2023-02-28 14:34:34.349693+00	28	Order object (28)	3		12	3
155	2023-02-28 14:34:34.361086+00	27	Order object (27)	3		12	3
156	2023-02-28 14:34:34.371924+00	26	Order object (26)	3		12	3
157	2023-02-28 14:34:34.383044+00	25	Order object (25)	3		12	3
158	2023-02-28 14:40:38.37357+00	37	Order object (37)	3		12	3
159	2023-02-28 14:40:38.411279+00	36	Order object (36)	3		12	3
160	2023-02-28 14:40:38.422402+00	35	Order object (35)	3		12	3
161	2023-02-28 16:18:37.290934+00	40	Order object (40)	3		12	3
162	2023-02-28 16:18:37.332723+00	39	Order object (39)	3		12	3
163	2023-02-28 16:18:37.343845+00	38	Order object (38)	3		12	3
164	2023-02-28 16:28:50.060236+00	42	Order object (42)	3		12	3
165	2023-02-28 16:28:50.103591+00	41	Order object (41)	3		12	3
166	2023-02-28 19:07:39.576497+00	46	Order object (46)	3		12	3
167	2023-02-28 19:07:39.65318+00	45	Order object (45)	3		12	3
168	2023-02-28 19:07:39.664278+00	44	Order object (44)	3		12	3
169	2023-02-28 19:07:39.675384+00	43	Order object (43)	3		12	3
170	2023-03-02 12:26:26.367369+00	4	Cart object (4)	2	[{"changed": {"fields": ["Status"]}}]	10	3
171	2023-03-02 12:27:16.409582+00	51	Order object (51)	3		12	5
172	2023-03-02 12:27:16.426338+00	50	Order object (50)	3		12	5
173	2023-03-02 12:27:16.437544+00	49	Order object (49)	3		12	5
174	2023-03-02 12:27:16.448628+00	48	Order object (48)	3		12	5
175	2023-03-02 12:27:16.459741+00	47	Order object (47)	3		12	5
176	2023-03-02 13:05:51.606523+00	58	Order object (58)	3		12	5
177	2023-03-02 13:05:51.683597+00	57	Order object (57)	3		12	5
178	2023-03-02 13:05:51.694809+00	56	Order object (56)	3		12	5
179	2023-03-02 13:05:51.706039+00	55	Order object (55)	3		12	5
180	2023-03-02 13:05:51.717231+00	54	Order object (54)	3		12	5
181	2023-03-02 13:05:51.72827+00	53	Order object (53)	3		12	5
182	2023-03-02 13:05:51.739393+00	52	Order object (52)	3		12	5
183	2023-03-02 13:12:42.552899+00	6	Cart object (6)	2	[{"changed": {"fields": ["Status"]}}]	10	5
184	2023-03-02 13:19:36.713185+00	6	Cart object (6)	2	[{"changed": {"fields": ["Status"]}}]	10	5
185	2023-03-03 18:51:29.255114+00	6	Cart object (6)	2	[{"changed": {"fields": ["Status"]}}]	10	3
186	2023-03-10 16:23:36.728276+00	1	Cart object (1)	2	[{"changed": {"fields": ["Status"]}}]	10	3
187	2023-03-10 16:53:06.11633+00	1	Cart object (1)	2	[{"changed": {"fields": ["Status"]}}]	10	3
188	2023-03-10 17:54:09.639852+00	1	Cart object (1)	2	[{"changed": {"fields": ["Status"]}}]	10	3
189	2023-03-10 18:39:13.158418+00	1	Cart object (1)	2	[{"changed": {"fields": ["Status"]}}]	10	3
190	2023-03-11 09:40:11.937216+00	69	Order object (69)	3		12	3
191	2023-03-11 09:40:12.092261+00	68	Order object (68)	3		12	3
192	2023-03-11 09:40:12.125795+00	67	Order object (67)	3		12	3
193	2023-03-11 09:40:12.136855+00	66	Order object (66)	3		12	3
194	2023-03-11 09:40:12.147977+00	65	Order object (65)	3		12	3
195	2023-03-11 09:40:12.159057+00	64	Order object (64)	3		12	3
196	2023-03-11 09:40:12.170154+00	63	Order object (63)	3		12	3
197	2023-03-11 09:40:12.181256+00	62	Order object (62)	3		12	3
198	2023-03-11 09:40:12.192401+00	61	Order object (61)	3		12	3
199	2023-03-11 09:40:12.203572+00	60	Order object (60)	3		12	3
200	2023-03-11 09:40:12.214644+00	59	Order object (59)	3		12	3
201	2023-03-11 09:40:28.784195+00	1	Cart object (1)	2	[{"changed": {"fields": ["Status"]}}]	10	3
202	2023-03-11 09:44:47.575061+00	7	Cart object (7)	1	[{"added": {}}]	10	3
203	2023-03-11 09:45:01.877448+00	62	CartItem object (62)	1	[{"added": {}}]	11	3
204	2023-03-11 09:49:41.108112+00	70	Order object (70)	3		12	3
205	2023-03-11 10:14:52.366433+00	72	Order object (72)	3		12	3
206	2023-03-11 10:14:52.408024+00	71	Order object (71)	3		12	3
207	2023-03-11 10:35:59.331103+00	1	Cart object (1)	2	[{"changed": {"fields": ["Status"]}}]	10	3
208	2023-03-11 10:36:07.687026+00	4	Cart object (4)	2	[{"changed": {"fields": ["Status"]}}]	10	3
209	2023-03-11 10:36:13.461162+00	6	Cart object (6)	2	[{"changed": {"fields": ["Status"]}}]	10	3
210	2023-03-11 10:36:18.250377+00	7	Cart object (7)	2	[{"changed": {"fields": ["Status"]}}]	10	3
211	2023-03-11 11:27:53.763061+00	1	Cart object (1)	2	[{"changed": {"fields": ["Status"]}}]	10	3
212	2023-03-11 15:19:08.525093+00	7	Cart object (7)	3		10	3
213	2023-03-11 15:29:46.938276+00	6	Cart object (6)	3		10	5
214	2023-03-11 15:29:46.98292+00	4	Cart object (4)	3		10	5
215	2023-03-11 15:56:10.430121+00	1	Cart object (1)	2	[{"changed": {"fields": ["Status"]}}]	10	5
216	2023-03-11 16:01:53.033558+00	9	Cart object (9)	2	[{"changed": {"fields": ["Status"]}}]	10	3
217	2023-03-11 16:02:32.802128+00	9	Cart object (9)	3		10	3
218	2023-03-11 16:02:53.011497+00	1	Cart object (1)	2	[{"changed": {"fields": ["Status"]}}]	10	3
219	2023-03-11 16:45:41.464853+00	10	Cart object (10)	1	[{"added": {}}]	10	3
220	2023-03-11 16:45:48.574681+00	1	Cart object (1)	2	[{"changed": {"fields": ["Status"]}}]	10	3
221	2023-03-11 16:53:20.985634+00	10	Cart object (10)	2	[{"changed": {"fields": ["Status"]}}]	10	3
222	2023-03-11 17:38:04.704154+00	10	Cart object (10)	2	[{"changed": {"fields": ["Status"]}}]	10	3
223	2023-03-11 17:38:40.174478+00	10	Cart object (10)	3		10	3
224	2023-03-11 17:40:00.70838+00	8	Cart object (8)	3		10	5
225	2023-03-12 11:12:14.887182+00	11	Cart object (11)	1	[{"added": {}}]	10	5
226	2023-03-12 11:12:29.660085+00	63	CartItem object (63)	1	[{"added": {}}]	11	5
227	2023-03-12 11:13:02.46601+00	64	CartItem object (64)	1	[{"added": {}}]	11	5
228	2023-03-12 11:37:04.471375+00	12	Cart object (12)	1	[{"added": {}}]	10	3
229	2023-03-12 11:37:12.250493+00	1	Cart object (1)	2	[{"changed": {"fields": ["Status"]}}]	10	3
230	2023-03-12 11:37:48.170141+00	65	CartItem object (65)	1	[{"added": {}}]	11	3
231	2023-03-12 11:37:59.154644+00	66	CartItem object (66)	1	[{"added": {}}]	11	3
232	2023-03-12 12:27:55.457201+00	13	Cart object (13)	1	[{"added": {}}]	10	3
233	2023-03-12 12:44:40.289675+00	13	Cart object (13)	3		10	6
234	2023-03-12 13:17:46.567345+00	14	Cart object (14)	3		10	6
235	2023-03-12 13:55:04.780577+00	67	CartItem object (67)	1	[{"added": {}}]	11	3
236	2023-03-12 13:55:18.194423+00	68	CartItem object (68)	1	[{"added": {}}]	11	3
237	2023-03-12 14:45:12.700474+00	12	Cart object (12)	2	[{"changed": {"fields": ["Status"]}}]	10	3
238	2023-03-12 16:12:05.611607+00	16	Cart object (16)	3		10	3
239	2023-03-12 16:49:39.1834+00	69	CartItem object (69)	1	[{"added": {}}]	11	3
240	2023-03-12 16:49:53.706627+00	70	CartItem object (70)	1	[{"added": {}}]	11	3
241	2023-03-12 16:50:06.731208+00	71	CartItem object (71)	1	[{"added": {}}]	11	3
242	2023-03-12 16:50:40.212234+00	72	CartItem object (72)	1	[{"added": {}}]	11	3
243	2023-03-12 16:56:14.90793+00	12	Cart object (12)	2	[{"changed": {"fields": ["Status"]}}]	10	5
244	2023-03-12 16:57:11.337952+00	12	Cart object (12)	2	[{"changed": {"fields": ["Status"]}}]	10	3
245	2023-03-13 14:54:03.254348+00	15	Cart object (15)	2	[{"changed": {"fields": ["Status"]}}]	10	3
246	2023-03-13 15:20:47.206725+00	73	CartItem object (73)	1	[{"added": {}}]	11	3
247	2023-03-13 16:30:33.326487+00	19	Cart object (19)	3		10	6
248	2023-03-13 16:58:37.146182+00	74	CartItem object (74)	1	[{"added": {}}]	11	6
249	2023-03-15 13:23:02.20304+00	20	Cart object (20)	3		10	6
250	2023-03-15 15:12:00.518773+00	21	Cart object (21)	3		10	6
251	2023-03-17 17:21:50.524124+00	23	Cart object (23)	3		10	5
252	2023-03-17 17:22:11.893037+00	11	Cart object (11)	2	[{"changed": {"fields": ["Status"]}}]	10	5
253	2023-03-17 17:22:16.928747+00	24	Cart object (24)	3		10	5
254	2023-03-17 17:45:18.961732+00	25	Cart object (25)	3		10	5
255	2023-03-17 17:45:30.524506+00	11	Cart object (11)	2	[{"changed": {"fields": ["Status"]}}]	10	5
256	2023-03-17 17:45:37.700547+00	26	Cart object (26)	3		10	5
257	2023-03-18 15:58:56.861634+00	31	Cart object (31)	3		10	3
258	2023-03-18 15:58:56.924351+00	30	Cart object (30)	3		10	3
259	2023-03-18 16:04:31.761696+00	75	CartItem object (75)	1	[{"added": {}}]	11	3
260	2023-03-18 16:04:44.270801+00	76	CartItem object (76)	1	[{"added": {}}]	11	3
261	2023-03-18 16:20:51.041766+00	35	Cart object (35)	3		10	3
262	2023-03-18 16:20:51.087819+00	34	Cart object (34)	3		10	3
263	2023-03-18 16:20:51.099194+00	33	Cart object (33)	3		10	3
264	2023-03-18 16:20:51.110251+00	32	Cart object (32)	3		10	3
265	2023-03-18 16:41:03.356975+00	37	Cart object (37)	3		10	3
266	2023-03-18 16:41:03.41029+00	36	Cart object (36)	3		10	3
267	2023-03-18 16:58:06.925204+00	38	Cart object (38)	3		10	3
268	2023-03-18 17:03:45.004792+00	39	Cart object (39)	3		10	3
269	2023-03-18 19:06:55.230172+00	42	Cart object (42)	3		10	3
270	2023-03-18 19:06:55.309889+00	41	Cart object (41)	3		10	3
271	2023-03-18 19:06:55.343103+00	40	Cart object (40)	3		10	3
272	2023-03-18 19:26:14.951368+00	44	Cart object (44)	3		10	3
273	2023-03-18 19:26:15.009593+00	43	Cart object (43)	3		10	3
274	2023-03-21 15:47:34.587208+00	11	Cart object (11)	2	[{"changed": {"fields": ["Status"]}}]	10	5
275	2023-03-21 15:47:48.146644+00	46	Cart object (46)	3		10	5
276	2023-03-21 15:47:48.164206+00	45	Cart object (45)	3		10	5
277	2023-03-21 15:47:48.175169+00	27	Cart object (27)	3		10	5
278	2023-03-21 18:56:43.900354+00	1	http://127.0.0.1:8000/	2	[{"changed": {"fields": ["Domain name", "Display name"]}}]	13	3
279	2023-03-21 18:57:23.808615+00	1	127.0.0.1:8000	2	[{"changed": {"fields": ["Domain name", "Display name"]}}]	13	3
280	2023-03-21 18:59:31.132278+00	1	django project	1	[{"added": {}}]	17	3
281	2023-03-21 19:02:10.713738+00	1	django project	2	[]	17	3
282	2023-03-21 19:22:25.884396+00	7	sapals.rozetka@gmail.com	3		6	3
283	2023-03-21 19:23:08.54965+00	3	sapals.rozetka@gmail.com	2	[{"changed": {"fields": ["Email"]}}]	6	3
284	2023-03-22 18:31:17.475554+00	3	sapalstanislav@ukr.net	2	[{"changed": {"fields": ["Email"]}}]	6	3
285	2023-03-22 18:42:09.53759+00	8	sapals.rozetka@gmail.com	3		6	3
286	2023-03-22 18:42:42.497936+00	3	sapals.rozetka@gmail.com	2	[{"changed": {"fields": ["Email"]}}]	6	3
287	2023-03-23 11:40:32.004839+00	3	sapalstanislav@ukr.net	2	[{"changed": {"fields": ["Email"]}}]	6	5
288	2023-03-23 12:54:54.467099+00	9	sapals.rozetka@gmail.com	3		6	5
289	2023-03-23 12:58:55.521384+00	3	sapals.rozetka@gmail.com	2	[{"changed": {"fields": ["Email"]}}]	6	5
290	2023-03-23 13:52:27.167749+00	84	Cart object (84)	3		10	5
291	2023-03-23 13:52:27.236657+00	83	Cart object (83)	3		10	5
292	2023-03-23 13:52:27.247598+00	82	Cart object (82)	3		10	5
293	2023-03-23 13:52:27.258908+00	81	Cart object (81)	3		10	5
294	2023-03-23 13:52:27.269816+00	80	Cart object (80)	3		10	5
295	2023-03-23 13:52:27.281007+00	79	Cart object (79)	3		10	5
296	2023-03-23 13:52:27.292102+00	78	Cart object (78)	3		10	5
297	2023-03-23 13:52:27.303177+00	76	Cart object (76)	3		10	5
298	2023-03-23 13:52:27.314432+00	75	Cart object (75)	3		10	5
299	2023-03-23 13:52:27.325385+00	74	Cart object (74)	3		10	5
300	2023-03-23 13:52:27.336668+00	73	Cart object (73)	3		10	5
301	2023-03-23 13:52:27.381249+00	72	Cart object (72)	3		10	5
302	2023-03-23 13:52:27.392116+00	71	Cart object (71)	3		10	5
303	2023-03-23 13:52:27.436656+00	70	Cart object (70)	3		10	5
304	2023-03-23 13:52:27.447618+00	69	Cart object (69)	3		10	5
305	2023-03-23 13:52:27.458775+00	68	Cart object (68)	3		10	5
306	2023-03-23 13:52:27.469775+00	67	Cart object (67)	3		10	5
307	2023-03-23 13:52:27.48126+00	66	Cart object (66)	3		10	5
308	2023-03-23 13:52:27.536896+00	65	Cart object (65)	3		10	5
309	2023-03-23 13:52:27.561981+00	63	Cart object (63)	3		10	5
310	2023-03-23 13:52:27.581057+00	62	Cart object (62)	3		10	5
311	2023-03-23 13:52:27.59217+00	61	Cart object (61)	3		10	5
312	2023-03-23 13:52:27.603525+00	60	Cart object (60)	3		10	5
313	2023-03-23 13:52:27.614404+00	59	Cart object (59)	3		10	5
314	2023-03-23 13:52:27.625476+00	58	Cart object (58)	3		10	5
315	2023-03-23 13:52:27.636501+00	56	Cart object (56)	3		10	5
316	2023-03-23 13:52:27.647698+00	55	Cart object (55)	3		10	5
317	2023-03-23 13:52:27.857594+00	54	Cart object (54)	3		10	5
318	2023-03-23 13:52:27.869886+00	53	Cart object (53)	3		10	5
319	2023-03-23 13:52:27.88111+00	52	Cart object (52)	3		10	5
320	2023-03-23 13:52:27.892156+00	51	Cart object (51)	3		10	5
321	2023-03-23 13:52:27.903262+00	50	Cart object (50)	3		10	5
322	2023-03-23 13:52:27.914509+00	49	Cart object (49)	3		10	5
323	2023-03-23 13:52:27.925587+00	47	Cart object (47)	3		10	5
324	2023-03-23 14:06:12.708506+00	11	Cart object (11)	2	[{"changed": {"fields": ["Status"]}}]	10	5
325	2023-03-23 14:06:19.589923+00	85	Cart object (85)	3		10	5
326	2023-03-23 15:02:28.430258+00	88	Cart object (88)	3		10	3
327	2023-03-23 15:02:28.47805+00	87	Cart object (87)	3		10	3
328	2023-03-23 15:03:56.907305+00	89	Cart object (89)	3		10	3
329	2023-03-23 15:04:48.549923+00	90	Cart object (90)	3		10	3
330	2023-03-23 15:23:51.936741+00	91	Cart object (91)	3		10	3
331	2023-03-23 15:30:54.843053+00	3	sapalstanislav@ukr.net	2	[{"changed": {"fields": ["Email"]}}]	6	3
332	2023-03-23 15:37:36.913126+00	94	Cart object (94)	3		10	3
333	2023-03-23 15:37:36.95606+00	92	Cart object (92)	3		10	3
334	2023-03-23 17:14:46.924043+00	18	Cart object (18)	2	[{"changed": {"fields": ["Status"]}}]	10	3
335	2023-03-23 17:14:54.958051+00	105	Cart object (105)	3		10	3
336	2023-03-23 18:22:14.920565+00	84	Order object (84)	3		12	3
337	2023-03-23 18:22:15.037485+00	83	Order object (83)	3		12	3
338	2023-03-23 18:22:15.048699+00	82	Order object (82)	3		12	3
339	2023-03-23 18:22:15.104231+00	81	Order object (81)	3		12	3
340	2023-03-23 18:22:15.115565+00	78	Order object (78)	3		12	3
341	2023-03-23 18:22:15.126349+00	76	Order object (76)	3		12	3
342	2023-03-23 18:22:15.20409+00	75	Order object (75)	3		12	3
343	2023-03-23 18:22:15.215455+00	74	Order object (74)	3		12	3
344	2023-03-24 14:45:52.977354+00	86	Order object (86)	3		12	3
345	2023-03-24 14:46:23.606573+00	73	Order object (73)	2	[{"changed": {"fields": ["Order number"]}}]	12	3
346	2023-03-24 14:46:39.511422+00	77	Order object (77)	2	[{"changed": {"fields": ["Order number"]}}]	12	3
347	2023-03-24 14:47:05.70335+00	79	Order object (79)	2	[{"changed": {"fields": ["Order number"]}}]	12	3
348	2023-03-24 14:47:36.877093+00	80	Order object (80)	2	[{"changed": {"fields": ["Order number"]}}]	12	3
349	2023-03-24 15:07:31.31138+00	5	Чоловіча сумка шкіряна Laras K101026 Brown (ROZ6300004230)	2	[{"changed": {"fields": ["Price"]}}]	8	3
350	2023-03-24 15:27:50.194259+00	88	Order object (88)	2	[{"changed": {"fields": ["Order number"]}}]	12	5
351	2023-03-25 16:38:53.638011+00	1	ProductSize object (1)	1	[{"added": {}}]	19	3
352	2023-03-25 16:39:12.120445+00	2	ProductSize object (2)	1	[{"added": {}}]	19	3
353	2023-03-25 16:39:17.862839+00	3	ProductSize object (3)	1	[{"added": {}}]	19	3
354	2023-03-25 16:39:22.896466+00	4	ProductSize object (4)	1	[{"added": {}}]	19	3
355	2023-03-25 16:39:36.812416+00	5	ProductSize object (5)	1	[{"added": {}}]	19	3
356	2023-03-25 16:39:49.570942+00	6	ProductSize object (6)	1	[{"added": {}}]	19	3
357	2023-03-25 16:39:56.457757+00	7	ProductSize object (7)	1	[{"added": {}}]	19	3
358	2023-03-25 16:40:04.419068+00	8	ProductSize object (8)	1	[{"added": {}}]	19	3
359	2023-03-25 16:40:51.630644+00	9	ProductSize object (9)	1	[{"added": {}}]	19	3
360	2023-03-25 16:42:38.33348+00	12	Чоловічий ремінь Armani	2	[{"changed": {"fields": ["Size"]}}]	8	3
361	2023-03-25 16:45:54.430432+00	12	Чоловічий ремінь Armani	2	[]	8	3
362	2023-03-25 17:24:45.876397+00	12	Чоловічий ремінь Armani	2	[{"changed": {"fields": ["\\u041e\\u043f\\u0438\\u0441 \\u0442\\u043e\\u0432\\u0430\\u0440\\u0443", "\\u0420\\u043e\\u0437\\u043c\\u0456\\u0440"]}}]	8	3
363	2023-03-25 17:44:19.164754+00	5	Чоловіча сумка шкіряна Laras K101026 Brown (ROZ6300004230)	2	[{"changed": {"fields": ["\\u0420\\u043e\\u0437\\u043c\\u0456\\u0440"]}}]	8	3
364	2023-03-26 12:15:15.463158+00	94	Order object (94)	2	[{"changed": {"fields": ["Status"]}}]	12	3
365	2023-03-26 16:43:59.15436+00	13	гавно	1	[{"added": {}}]	8	3
366	2023-03-26 17:31:07.14263+00	13	гавно	3		8	3
367	2023-03-27 14:48:03.368217+00	10	XS	1	[{"added": {}}]	19	3
368	2023-03-27 14:48:25.267598+00	14	гавно2	1	[{"added": {}}]	8	3
369	2023-03-27 14:48:58.20982+00	14	гавно2	2	[{"changed": {"fields": ["\\u0420\\u043e\\u0437\\u043c\\u0456\\u0440"]}}]	8	3
370	2023-03-27 15:25:22.774618+00	14	гавно2	3		8	3
371	2023-03-27 15:25:50.930034+00	11	sapals.rozetka@gmail.com	2	[{"changed": {"fields": ["Staff status"]}}]	6	3
372	2023-03-28 09:47:33.990409+00	7	Портмоне на блискавці з кнопкою MD шкіряний "REFORM"	2	[{"changed": {"fields": ["\\u041d\\u0430\\u0437\\u0432\\u0430 \\u0442\\u043e\\u0432\\u0430\\u0440\\u0443"]}}]	8	3
373	2023-03-28 09:48:38.95652+00	10	Портмоне на блискавці MD шкіряний  "REFORM"	2	[{"changed": {"fields": ["\\u041d\\u0430\\u0437\\u0432\\u0430 \\u0442\\u043e\\u0432\\u0430\\u0440\\u0443"]}}]	8	3
374	2023-03-28 09:49:28.175613+00	11	Портмоне CALVIN KLEIN "REFORM"	2	[{"changed": {"fields": ["\\u041d\\u0430\\u0437\\u0432\\u0430 \\u0442\\u043e\\u0432\\u0430\\u0440\\u0443"]}}]	8	3
375	2023-03-28 09:50:14.570231+00	8	Купюрник шкіряний на блискавці "REFORM"	2	[{"changed": {"fields": ["\\u041d\\u0430\\u0437\\u0432\\u0430 \\u0442\\u043e\\u0432\\u0430\\u0440\\u0443"]}}]	8	3
376	2023-03-28 09:51:02.103029+00	9	Купюрник шкіряний MD на блискавці REFORM"	2	[{"changed": {"fields": ["\\u041d\\u0430\\u0437\\u0432\\u0430 \\u0442\\u043e\\u0432\\u0430\\u0440\\u0443"]}}]	8	3
377	2023-03-28 09:51:57.381529+00	6	Гаманець на кнопці з блискавкою  MD "REFORM"	2	[{"changed": {"fields": ["\\u041d\\u0430\\u0437\\u0432\\u0430 \\u0442\\u043e\\u0432\\u0430\\u0440\\u0443"]}}]	8	3
378	2023-03-30 10:33:55.667509+00	15	Чоловічий шкіряний ремінь  Morison Atelier `Thando`	1	[{"added": {}}]	8	6
379	2023-03-30 10:35:06.05118+00	17	ProductImage object (17)	1	[{"added": {}}]	9	6
380	2023-03-30 10:36:09.198041+00	17	ProductImage object (17)	2	[{"changed": {"fields": ["\\u0424\\u043e\\u0442\\u043e"]}}]	9	6
381	2023-03-30 10:39:07.928966+00	18	ProductImage object (18)	1	[{"added": {}}]	9	6
382	2023-03-30 10:39:39.192513+00	17	ProductImage object (17)	2	[{"changed": {"fields": ["Product"]}}]	9	6
383	2023-03-30 10:40:23.546377+00	19	ProductImage object (19)	1	[{"added": {}}]	9	6
384	2023-03-30 10:40:39.544758+00	20	ProductImage object (20)	1	[{"added": {}}]	9	6
385	2023-03-30 10:40:51.494725+00	21	ProductImage object (21)	1	[{"added": {}}]	9	6
386	2023-03-30 10:52:50.909124+00	16	Чоловічий ремінь CALVIN KLEIN	1	[{"added": {}}]	8	6
387	2023-03-30 10:53:11.344807+00	22	ProductImage object (22)	1	[{"added": {}}]	9	6
388	2023-03-30 10:53:25.202266+00	23	ProductImage object (23)	1	[{"added": {}}]	9	6
389	2023-03-30 10:53:36.242609+00	24	ProductImage object (24)	1	[{"added": {}}]	9	6
390	2023-03-30 11:07:39.352081+00	17	Сумка Tommy Hilfiger	1	[{"added": {}}]	8	6
391	2023-03-30 11:08:02.648006+00	25	ProductImage object (25)	1	[{"added": {}}]	9	6
392	2023-03-30 11:08:16.713345+00	26	ProductImage object (26)	1	[{"added": {}}]	9	6
393	2023-03-30 11:17:08.388433+00	18	Сумка для чоловіків з натуральної шкіри бренду John McDee	1	[{"added": {}}]	8	6
394	2023-03-30 11:17:34.952631+00	27	ProductImage object (27)	1	[{"added": {}}]	9	6
395	2023-03-30 11:17:49.060564+00	28	ProductImage object (28)	1	[{"added": {}}]	9	6
396	2023-03-30 11:18:01.548977+00	29	ProductImage object (29)	1	[{"added": {}}]	9	6
397	2023-03-30 11:27:00.448748+00	19	Шкіряний чоловічий гаманець-клатч на блискавці з блоком під картки Marco Coverna	1	[{"added": {}}]	8	6
398	2023-03-30 11:27:39.446669+00	30	ProductImage object (30)	1	[{"added": {}}]	9	6
399	2023-03-30 11:28:04.342661+00	31	ProductImage object (31)	1	[{"added": {}}]	9	6
400	2023-03-30 11:28:16.425336+00	32	ProductImage object (32)	1	[{"added": {}}]	9	6
401	2023-03-30 11:28:27.904787+00	33	ProductImage object (33)	1	[{"added": {}}]	9	6
402	2023-03-30 11:29:44.253068+00	33	ProductImage object (33)	3		9	6
403	2023-03-30 11:30:23.728512+00	34	ProductImage object (34)	1	[{"added": {}}]	9	6
404	2023-03-30 11:52:41.744058+00	20	Чоловічий портмоне Lacoste	1	[{"added": {}}]	8	6
405	2023-03-30 11:53:15.950132+00	35	ProductImage object (35)	1	[{"added": {}}]	9	6
406	2023-03-30 11:53:40.69608+00	36	ProductImage object (36)	1	[{"added": {}}]	9	6
407	2023-03-30 11:53:53.996826+00	36	ProductImage object (36)	3		9	6
408	2023-03-30 11:54:06.749183+00	37	ProductImage object (37)	1	[{"added": {}}]	9	6
409	2023-03-30 11:54:22.271312+00	38	ProductImage object (38)	1	[{"added": {}}]	9	6
410	2023-03-30 15:36:08.21918+00	4	Рюкзаки	1	[{"added": {}}]	7	6
411	2023-03-30 15:43:03.276491+00	21	Рюкзак коричневий Estro	1	[{"added": {}}]	8	6
412	2023-03-30 15:43:23.332603+00	39	ProductImage object (39)	1	[{"added": {}}]	9	6
413	2023-03-30 15:43:36.007191+00	40	ProductImage object (40)	1	[{"added": {}}]	9	6
414	2023-03-30 15:43:55.848046+00	41	ProductImage object (41)	1	[{"added": {}}]	9	6
415	2023-03-30 15:44:11.819304+00	42	ProductImage object (42)	1	[{"added": {}}]	9	6
416	2023-03-30 15:50:04.206493+00	22	Рюкзак Mark Ryden Opti	1	[{"added": {}}]	8	6
417	2023-03-30 15:50:23.758269+00	43	ProductImage object (43)	1	[{"added": {}}]	9	6
418	2023-03-30 15:50:39.351344+00	44	ProductImage object (44)	1	[{"added": {}}]	9	6
419	2023-03-30 15:50:56.296184+00	45	ProductImage object (45)	1	[{"added": {}}]	9	6
420	2023-03-30 15:51:11.406587+00	46	ProductImage object (46)	1	[{"added": {}}]	9	6
421	2023-03-30 15:51:26.382495+00	47	ProductImage object (47)	1	[{"added": {}}]	9	6
422	2023-03-30 16:00:34.325087+00	23	Місткий міський рюкзак SWISSGEAR	1	[{"added": {}}]	8	6
423	2023-03-30 16:05:26.187286+00	48	ProductImage object (48)	1	[{"added": {}}]	9	6
424	2023-03-30 16:05:42.788049+00	49	ProductImage object (49)	1	[{"added": {}}]	9	6
425	2023-03-30 16:05:54.735955+00	50	ProductImage object (50)	1	[{"added": {}}]	9	6
426	2023-03-30 16:08:22.570275+00	24	Рюкзак Armani Exchange	1	[{"added": {}}]	8	6
427	2023-03-30 16:08:37.95701+00	51	ProductImage object (51)	1	[{"added": {}}]	9	6
428	2023-03-30 16:08:50.920871+00	52	ProductImage object (52)	1	[{"added": {}}]	9	6
429	2023-03-30 16:09:05.272492+00	53	ProductImage object (53)	1	[{"added": {}}]	9	6
430	2023-03-30 16:09:51.43138+00	22	Рюкзак Mark Ryden Opti	2	[{"changed": {"fields": ["\\u0422\\u043e\\u043f \\u043f\\u0440\\u043e\\u0434\\u0430\\u0436\\u0456\\u0432"]}}]	8	6
431	2023-03-30 16:19:27.992195+00	25	Рюкзак XS Porsche Design Urban Eco	1	[{"added": {}}]	8	6
432	2023-03-30 16:19:46.166097+00	54	ProductImage object (54)	1	[{"added": {}}]	9	6
433	2023-03-30 16:19:58.063246+00	55	ProductImage object (55)	1	[{"added": {}}]	9	6
434	2023-03-30 16:20:08.612828+00	56	ProductImage object (56)	1	[{"added": {}}]	9	6
435	2023-03-30 16:20:19.076699+00	57	ProductImage object (57)	1	[{"added": {}}]	9	6
436	2023-03-30 16:20:32.044346+00	58	ProductImage object (58)	1	[{"added": {}}]	9	6
437	2023-03-30 16:20:44.386186+00	59	ProductImage object (59)	1	[{"added": {}}]	9	6
438	2023-03-30 16:45:33.01275+00	5	Umbrellas	1	[{"added": {}}]	7	6
439	2023-03-30 16:46:01.284622+00	5	Парасоля	2	[{"changed": {"fields": ["\\u041d\\u0430\\u0437\\u0432\\u0430 \\u043a\\u0430\\u0442\\u0435\\u0433\\u043e\\u0440\\u0456\\u0457"]}}]	7	6
440	2023-03-30 16:46:40.735044+00	4	Рюкзаки	2	[{"changed": {"fields": ["URL"]}}]	7	6
441	2023-03-30 16:48:44.594538+00	26	ПАРАСОЛЬКА ТРОСТИНА З ДЕРЕВ'ЯНОЮ РУЧКОЮ J WOODEN BLACK	1	[{"added": {}}]	8	6
442	2023-03-30 16:52:09.47447+00	60	ProductImage object (60)	1	[{"added": {}}]	9	6
443	2023-03-30 16:52:18.713227+00	61	ProductImage object (61)	1	[{"added": {}}]	9	6
444	2023-03-30 16:52:29.722673+00	62	ProductImage object (62)	1	[{"added": {}}]	9	6
445	2023-03-30 16:52:39.148714+00	63	ProductImage object (63)	1	[{"added": {}}]	9	6
446	2023-03-30 16:55:47.774938+00	27	ПАРАСОЛЬКА RING	1	[{"added": {}}]	8	6
447	2023-03-30 16:57:15.143479+00	64	ProductImage object (64)	1	[{"added": {}}]	9	6
448	2023-03-30 16:57:26.912477+00	65	ProductImage object (65)	1	[{"added": {}}]	9	6
449	2023-03-30 16:57:37.805687+00	66	ProductImage object (66)	1	[{"added": {}}]	9	6
450	2023-03-30 16:59:34.667026+00	28	ПАРАСОЛЬКА ТРОСТИНА  SOFT TOUCH	1	[{"added": {}}]	8	6
451	2023-03-30 17:01:31.757768+00	67	ProductImage object (67)	1	[{"added": {}}]	9	6
452	2023-03-30 17:01:42.006951+00	68	ProductImage object (68)	1	[{"added": {}}]	9	6
453	2023-03-30 17:01:52.762765+00	69	ProductImage object (69)	1	[{"added": {}}]	9	6
454	2023-03-30 17:08:07.39027+00	29	ПАРАСОЛЬКА ТРОСТИНА BLUE SILVER	1	[{"added": {}}]	8	6
455	2023-03-30 17:09:51.391783+00	70	ProductImage object (70)	1	[{"added": {}}]	9	6
456	2023-03-30 17:10:01.53423+00	71	ProductImage object (71)	1	[{"added": {}}]	9	6
457	2023-03-30 17:10:12.827579+00	72	ProductImage object (72)	1	[{"added": {}}]	9	6
458	2023-03-30 17:10:22.625452+00	73	ProductImage object (73)	1	[{"added": {}}]	9	6
459	2023-03-30 17:13:15.975669+00	29	ПАРАСОЛЬКА ТРОСТИНА BLUE SILVER	2	[{"changed": {"fields": ["\\u0422\\u043e\\u043f \\u043f\\u0440\\u043e\\u0434\\u0430\\u0436\\u0456\\u0432"]}}]	8	6
460	2023-03-31 12:05:35.485335+00	5	Парасольки	2	[{"changed": {"fields": ["\\u041d\\u0430\\u0437\\u0432\\u0430 \\u043a\\u0430\\u0442\\u0435\\u0433\\u043e\\u0440\\u0456\\u0457"]}}]	7	6
461	2023-03-31 12:13:03.818271+00	5	Парасольки	2	[{"changed": {"fields": ["\\u0424\\u043e\\u0442\\u043e"]}}]	7	6
462	2023-04-10 18:38:12.172317+00	22	Рюкзак Mark Ryden Opti	2	[{"changed": {"fields": ["\\u041d\\u0430 \\u0431\\u0430\\u043d\\u0435\\u0440\\u0456"]}}]	8	3
463	2023-04-10 18:39:05.122344+00	20	Чоловічий портмоне Lacoste	2	[{"changed": {"fields": ["\\u041d\\u0430 \\u0431\\u0430\\u043d\\u0435\\u0440\\u0456"]}}]	8	3
464	2023-04-10 18:52:31.500173+00	35	ProductImage object (35)	2	[{"changed": {"fields": ["\\u0413\\u043e\\u043b\\u043e\\u0432\\u043d\\u0430"]}}]	9	3
465	2023-04-10 18:53:09.683168+00	43	ProductImage object (43)	2	[{"changed": {"fields": ["\\u0413\\u043e\\u043b\\u043e\\u0432\\u043d\\u0430"]}}]	9	3
466	2023-04-10 19:24:18.397373+00	64	ProductImage object (64)	2	[{"changed": {"fields": ["\\u0413\\u043e\\u043b\\u043e\\u0432\\u043d\\u0430"]}}]	9	3
467	2023-04-10 19:53:18.912356+00	43	ProductImage object (43)	2	[{"changed": {"fields": ["\\u0413\\u043e\\u043b\\u043e\\u0432\\u043d\\u0430"]}}]	9	3
468	2023-04-10 19:53:57.931185+00	45	ProductImage object (45)	2	[{"changed": {"fields": ["\\u0413\\u043e\\u043b\\u043e\\u0432\\u043d\\u0430"]}}]	9	3
469	2023-04-10 19:56:11.929703+00	18	Сумка для чоловіків з натуральної шкіри бренду John McDee	2	[{"changed": {"fields": ["\\u041d\\u0430 \\u0431\\u0430\\u043d\\u0435\\u0440\\u0456"]}}]	8	3
470	2023-04-10 20:00:19.438562+00	28	ProductImage object (28)	2	[{"changed": {"fields": ["\\u0413\\u043e\\u043b\\u043e\\u0432\\u043d\\u0430"]}}]	9	3
471	2023-04-10 20:01:11.596509+00	28	ProductImage object (28)	2	[{"changed": {"fields": ["\\u0413\\u043e\\u043b\\u043e\\u0432\\u043d\\u0430"]}}]	9	3
472	2023-04-10 20:01:59.025046+00	29	ProductImage object (29)	2	[{"changed": {"fields": ["\\u0413\\u043e\\u043b\\u043e\\u0432\\u043d\\u0430"]}}]	9	3
473	2023-04-10 20:02:45.78768+00	35	ProductImage object (35)	2	[{"changed": {"fields": ["\\u0413\\u043e\\u043b\\u043e\\u0432\\u043d\\u0430"]}}]	9	3
474	2023-04-10 20:02:55.313101+00	37	ProductImage object (37)	2	[{"changed": {"fields": ["\\u0413\\u043e\\u043b\\u043e\\u0432\\u043d\\u0430"]}}]	9	3
475	2023-04-10 20:03:34.626438+00	29	ProductImage object (29)	2	[{"changed": {"fields": ["\\u0413\\u043e\\u043b\\u043e\\u0432\\u043d\\u0430"]}}]	9	3
476	2023-04-10 20:03:47.931434+00	28	ProductImage object (28)	2	[{"changed": {"fields": ["\\u0413\\u043e\\u043b\\u043e\\u0432\\u043d\\u0430"]}}]	9	3
477	2023-04-10 20:05:10.52182+00	18	Сумка для чоловіків з натуральної шкіри бренду John McDee	2	[{"changed": {"fields": ["\\u041d\\u0430 \\u0431\\u0430\\u043d\\u0435\\u0440\\u0456"]}}]	8	3
478	2023-04-10 20:05:19.791033+00	20	Чоловічий портмоне Lacoste	2	[{"changed": {"fields": ["\\u041d\\u0430 \\u0431\\u0430\\u043d\\u0435\\u0440\\u0456"]}}]	8	3
479	2023-04-10 20:06:05.550683+00	5	Чоловіча сумка шкіряна Laras K101026 Brown (ROZ6300004230)	2	[{"changed": {"fields": ["\\u041d\\u0430 \\u0431\\u0430\\u043d\\u0435\\u0440\\u0456"]}}]	8	3
\.


--
-- Data for Name: django_content_type; Type: TABLE DATA; Schema: public; Owner: generaladmin
--

COPY public.django_content_type (id, app_label, model) FROM stdin;
1	admin	logentry
2	auth	permission
3	auth	group
4	contenttypes	contenttype
5	sessions	session
6	authentication	user
7	catalog	category
8	catalog	product
9	catalog	productimage
10	cart	cart
11	cart	cartitem
12	order	order
13	sites	site
14	account	emailaddress
15	account	emailconfirmation
16	socialaccount	socialaccount
17	socialaccount	socialapp
18	socialaccount	socialtoken
19	catalog	productsize
\.


--
-- Data for Name: django_migrations; Type: TABLE DATA; Schema: public; Owner: generaladmin
--

COPY public.django_migrations (id, app, name, applied) FROM stdin;
1	contenttypes	0001_initial	2022-11-12 17:21:37.424406+00
2	contenttypes	0002_remove_content_type_name	2022-11-12 17:21:37.491674+00
3	auth	0001_initial	2022-11-12 17:21:38.086803+00
4	auth	0002_alter_permission_name_max_length	2022-11-12 17:21:38.110204+00
5	auth	0003_alter_user_email_max_length	2022-11-12 17:21:38.19057+00
6	auth	0004_alter_user_username_opts	2022-11-12 17:21:38.224459+00
7	auth	0005_alter_user_last_login_null	2022-11-12 17:21:38.238589+00
8	auth	0006_require_contenttypes_0002	2022-11-12 17:21:38.253395+00
9	auth	0007_alter_validators_add_error_messages	2022-11-12 17:21:38.272801+00
10	auth	0008_alter_user_username_max_length	2022-11-12 17:21:38.296478+00
11	auth	0009_alter_user_last_name_max_length	2022-11-12 17:21:38.316557+00
12	auth	0010_alter_group_name_max_length	2022-11-12 17:21:38.338669+00
13	auth	0011_update_proxy_permissions	2022-11-12 17:21:38.361045+00
14	auth	0012_alter_user_first_name_max_length	2022-11-12 17:21:38.383229+00
15	authentication	0001_initial	2022-11-12 17:21:39.166746+00
16	admin	0001_initial	2022-11-12 17:21:39.656023+00
17	admin	0002_logentry_remove_auto_add	2022-11-12 17:21:39.731941+00
18	admin	0003_logentry_add_action_flag_choices	2022-11-12 17:21:39.778381+00
19	authentication	0002_alter_user_email_alter_user_phone_number	2022-11-12 17:21:40.047502+00
20	authentication	0003_alter_user_phone_number	2022-11-12 17:21:40.123176+00
21	authentication	0004_alter_user_phone_number	2022-11-12 17:21:40.152606+00
22	cart	0001_initial	2022-11-12 17:21:40.44641+00
23	catalog	0001_initial	2022-11-12 17:21:41.23682+00
24	order	0001_initial	2022-11-12 17:21:41.52565+00
25	sessions	0001_initial	2022-11-12 17:21:41.725932+00
26	authentication	0003_alter_user_date_of_birth_alter_user_email_and_more	2022-11-13 10:48:42.289575+00
27	catalog	0002_alter_category_slug	2022-12-01 18:33:44.227972+00
28	catalog	0002_product_slug	2022-12-08 10:28:44.934339+00
29	catalog	0003_merge_0002_alter_category_slug_0002_product_slug	2023-01-10 11:11:42.554614+00
30	catalog	0004_product_top_seller	2023-01-10 11:11:43.263258+00
31	cart	0002_remove_cartitem_user_cartitem_product	2023-01-18 19:16:54.278967+00
32	cart	0003_cart_created_at	2023-01-20 17:37:40.688218+00
33	cart	0004_alter_cartitem_product	2023-01-21 12:22:39.502374+00
34	cart	0005_remove_cart_created_at_cart_created_cart_updated	2023-01-24 12:54:14.106149+00
35	cart	0006_cartitem_created_cartitem_updated	2023-01-24 13:00:22.157256+00
36	cart	0007_alter_cartitem_product	2023-02-02 15:45:13.292574+00
37	order	0002_order_region_order_town	2023-02-21 18:29:44.218395+00
38	order	0003_alter_order_address_alter_order_region_and_more	2023-03-02 12:57:55.052529+00
39	cart	0008_alter_cart_status	2023-03-11 10:35:31.68661+00
40	cart	0009_alter_cart_status	2023-03-11 11:23:06.423464+00
41	cart	0010_cart_token_alter_cart_user	2023-03-18 10:50:00.606647+00
42	cart	0011_alter_cart_user	2023-03-18 15:47:18.103445+00
43	cart	0012_alter_cart_token	2023-03-21 16:12:19.865013+00
44	account	0001_initial	2023-03-21 17:45:01.069821+00
45	account	0002_email_max_length	2023-03-21 17:45:01.246488+00
46	sites	0001_initial	2023-03-21 17:45:01.457561+00
47	sites	0002_alter_domain_unique	2023-03-21 17:45:01.625077+00
48	socialaccount	0001_initial	2023-03-21 17:45:03.031808+00
49	socialaccount	0002_token_max_lengths	2023-03-21 17:45:03.137437+00
50	socialaccount	0003_extra_data_default_dict	2023-03-21 17:45:03.181093+00
51	order	0004_order_comment_order_order_number_order_status	2023-03-24 14:41:20.734066+00
52	order	0005_alter_order_order_number	2023-03-24 15:28:25.270392+00
53	order	0006_alter_order_order_number	2023-03-24 15:28:25.365097+00
54	catalog	0005_productsize_alter_productimage_options_product_size	2023-03-25 16:32:49.613332+00
55	cart	0013_cartitem_size	2023-03-26 11:21:04.021164+00
56	catalog	0006_alter_productsize_options_alter_product_size	2023-03-26 11:21:04.159586+00
57	catalog	0007_alter_product_size	2023-03-26 16:44:48.397069+00
58	order	0007_alter_order_email	2023-03-27 19:01:02.984474+00
59	order	0008_alter_order_email	2023-03-27 19:03:18.99381+00
60	order	0009_alter_order_email	2023-03-27 19:09:49.864165+00
61	order	0010_alter_order_email	2023-03-27 19:15:47.743639+00
62	order	0011_alter_order_email	2023-03-27 19:48:10.991684+00
63	catalog	0008_product_selected	2023-04-10 18:21:40.967306+00
64	catalog	0009_productimage_is_main	2023-04-10 18:51:45.889243+00
\.


--
-- Data for Name: django_session; Type: TABLE DATA; Schema: public; Owner: generaladmin
--

COPY public.django_session (session_key, session_data, expire_date) FROM stdin;
uiwkcqclghhvctyconjagn0a1dl2p07i	.eJxVjMEOwiAQRP-FsyGwKN169N5vILssSNXQpLQn47_bJj3oYS7z3sxbBVqXEtaW5jCKuiqnTr8dU3ymugN5UL1POk51mUfWu6IP2vQwSXrdDvfvoFAr25pcimK9S4hCWYAsZGDq-i0WBFg4u168PXthn425OMTcoXhAG8mozxcQQziI:1ouCnU:secVLqfJkj4YcmM664A0AV8bxUNncI48GA5ToeQyw_Q	2022-11-27 13:13:16.780106+00
jandhii0q3if19q3ose9alqhjuf9b2fs	.eJxVjMEOwiAQRP-FsyGwKN169N5vILssSNXQpLQn47_bJj3oYS7z3sxbBVqXEtaW5jCKuiqnTr8dU3ymugN5UL1POk51mUfWu6IP2vQwSXrdDvfvoFAr25pcimK9S4hCWYAsZGDq-i0WBFg4u168PXthn425OMTcoXhAG8mozxcQQziI:1ozIjq:zE6FBin-kucW6X1QTVKGQFk9FcrA9_HBzNEkvn_XCBQ	2022-12-11 14:34:34.137025+00
z9jy2cvqakgasrpow0d6unqrmitr4e7z	.eJxVjMEOwiAQRP-FsyGwKN169N5vILssSNXQpLQn47_bJj3oYS7z3sxbBVqXEtaW5jCKuiqnTr8dU3ymugN5UL1POk51mUfWu6IP2vQwSXrdDvfvoFAr25pcimK9S4hCWYAsZGDq-i0WBFg4u168PXthn425OMTcoXhAG8mozxcQQziI:1pWyKG:-zKjvs99Wyfpj1bZk1TwIC9DRfA0AYZBl9k1mZJ8MFY	2023-03-14 11:39:20.859784+00
mzhi28jpkjabiyte8ghr2htmmv4tqys7	eyJ0b2tlbiI6IlZaWUxuR09TU2lGZGx4UncifQ:1pg7Xx:fHx3gAw2jhKafVya8GhesvHa_SUZkcz8QCL3scpLDL8	2023-04-08 17:19:17.451497+00
zms9csqda36ybdy4uanao6u7cpf7gflv	.eJxVjEEOwiAQRe_C2hBoQcCl-56BzDCDVA0kpV0Z765NutDtf-_9l4iwrSVunZc4k7gIK06_G0J6cN0B3aHemkytrsuMclfkQbucGvHzerh_BwV6-dZam-Qp6QAGyaJzNhszZJM98-g0WByQfRgdaRWAOJ05sfHotAUVVBDvD_OMOD0:1pXi1A:aoAJKQlSTs8MsFkIvqHLiPgSIofPdxYrAavDshsXawA	2023-03-16 12:26:40.724622+00
um456w58lvk0e5gq9qwobnuxik66wjx6	.eJxVjMEOwiAQRP-FsyGwKN169N5vILssSNXQpLQn47_bJj3oYS7z3sxbBVqXEtaW5jCKuiqnTr8dU3ymugN5UL1POk51mUfWu6IP2vQwSXrdDvfvoFAr25pcimK9S4hCWYAsZGDq-i0WBFg4u168PXthn425OMTcoXhAG8mozxcQQziI:1pNdXO:SlP99TjYR_MeY8RBjZlSE2sLWsl9pNqqz2fMzkAaiQw	2023-02-16 17:38:18.437107+00
2sfitu1dpte6z7a25pkcew1p3bvesjde	.eJxVjMEOwiAQRP-FsyGwKN169N5vILssSNXQpLQn47_bJj3oYS7z3sxbBVqXEtaW5jCKuiqnTr8dU3ymugN5UL1POk51mUfWu6IP2vQwSXrdDvfvoFAr25pcimK9S4hCWYAsZGDq-i0WBFg4u168PXthn425OMTcoXhAG8mozxcQQziI:1pOMNb:zogg0OvvrH9vDszCoCGxt-p2FOuNIQikWdB8F5Zmzjg	2023-02-18 17:31:11.181239+00
4klu1pwtntw9aicozey13zzjiumjnbv6	.eJxVjMEOwiAQRP-FsyGwKN169N5vILssSNXQpLQn47_bJj3oYS7z3sxbBVqXEtaW5jCKuiqnTr8dU3ymugN5UL1POk51mUfWu6IP2vQwSXrdDvfvoFAr25pcimK9S4hCWYAsZGDq-i0WBFg4u168PXthn425OMTcoXhAG8mozxcQQziI:1pYAN7:2CgS6ZHEAl8A2bwij8dTnoQa08QhWHtq3HJKbXvaCJ0	2023-03-17 18:43:13.99902+00
ov1wn83aficfvy7gv7tos653j8pmtxla	.eJwVy7EKwkAQhOF3mTog2AhpbRIFwcJKQljWM0bP2yW3pzEh7-6lm4Hvn2HycgElbs-qs0992OvJpzr9UCAK9-SJWVKwNhqZQ3mdEdxoudhkooOwizE_L10f1ohFM0OelOzRKg30XgGWApep2k6773g83xXN8gez4So9:1pmyM1:mHD7bj6-TFcmXJhEtdshO5nAUt6IXrsamHTNAea6mYY	2023-04-27 14:55:17.803817+00
6pzvpdmkglj5q7hi1ngrt9pxgqdrwwue	.eJxVjMEOwiAQRP-FsyGwKN169N5vILssSNXQpLQn47_bJj3oYS7z3sxbBVqXEtaW5jCKuiqnTr8dU3ymugN5UL1POk51mUfWu6IP2vQwSXrdDvfvoFAr25pcimK9S4hCWYAsZGDq-i0WBFg4u168PXthn425OMTcoXhAG8mozxcQQziI:1pRAki:ARbSfDgNEhcLmw6xZqTXACFjXVopoydskMYvA9psPqs	2023-02-26 11:42:40.739613+00
m09g37f8ca9kzonwzme8708b2lha3jn8	eyJ0b2tlbiI6ImRDa1dDYWVTeGtKY2padVIifQ:1pg7Xy:X9JNVLe5BXzWkSMRGWNPwV7Cd78eheO8qefLZIOZB20	2023-04-08 17:19:18.875725+00
g6vef79f0h7odvdgyxc1hhepz408hkxc	eyJ0b2tlbiI6IlRvU0JkQ3Fhc05WVm9SVkoifQ:1pf2wQ:vvl_Vv12cD6-G-X09YpbUebob53qWnlu1f0y_x-JivY	2023-04-05 18:12:06.371045+00
h6741kll18t2avx0xekv7cmk7je6hi11	.eJxVjD0PwiAYhP8Ls2kKKKVufkwOGqOLE3nhBUtsqLG0MTH-d8F06XDD3XN3HxK7hw1kTc73OB6vF397H3bjaf8kC6JgiI0aevtSHlOFzzMNJk0zgLbNcQHGdEOIxb8z4b7YJGdD9Aai78J2Ws2uGuib_MOtQSq4lRLBIQPKHNNQ1UmUIdOoHa9R0KVALVxZrriUrpIomKQGSvL9AbatReI:1poorh:ajyW-UGOoYaBScwVCI4wIwJFpQZ1wsQpxfTS3ObqCDY	2023-05-02 17:11:37.597363+00
f5h46njojn0foiy25iigdx6084ejilho	.eJxVjMEOwiAQRP-Fs2lgUUq96Y-QZRcCsaGJwMn47xbTgx7mMPNm5iUc9pZcr-HpMour0OL0m3mkRygD4LqOeEKirZc2fTsHrtNtd6G0TNjyVu7H6u8qYU3jRwdiZXSwljEyoIIIHudllwIGzz7qhY06G_YmSnnR1sbZsgGrCKV4fwDoRDz8:1pg6Rq:gqP5o9EPd6NFmL93DWBtTs8e_GqJNVtXuJWV66SB4Xk	2023-04-08 16:08:54.221575+00
mok3my7o96gww9cg8c72jhni7ax9vvet	.eJxVjMEOgjAQRP-lZ0O6pbXFmySevBtuzXZphUgKkRJNjP9uMVw4zrx582FpfPjITgwvUzPcQ-NeU8Dr7c0OzOKSOrvM_mn7Nk-A70uHlN2V4DCsdYFE4xJT8d9seC7OOfmYesLUj7HerN1Vh3OXf3gwgTRoJSEQB0NSKuWgrIjE0VSyLSvhhOeOpFPQlkIrIwzX4El60Jp9f9X2RLw:1pfK0J:wNwrFF7dPiS5TiDvspIjlbg6_63p7yafbMlBiJ0P3e0	2023-04-06 12:25:15.866553+00
\.


--
-- Data for Name: django_site; Type: TABLE DATA; Schema: public; Owner: generaladmin
--

COPY public.django_site (id, domain, name) FROM stdin;
1	127.0.0.1:8000	127.0.0.1:8000
\.


--
-- Data for Name: order_order; Type: TABLE DATA; Schema: public; Owner: generaladmin
--

COPY public.order_order (id, created, updated, first_name, last_name, phone, address, email, cart_id, region, town, comment, order_number, status) FROM stdin;
85	2023-03-23 16:06:48.300966+00	2023-03-23 16:06:48.300993+00	Ноунейм	Ноунеймов	+380935552211	вул. Залупинська 2 кв. 1	valeracrutsecret@gmail.com	99	Дніпропетровська	Дніпро	\N	955 404 769	Виконується
87	2023-03-24 14:44:46.003279+00	2023-03-24 14:44:46.003309+00	Стас	Сапаль	+380959379992	вул. Жостких Пацанів 77, кв. 7	sapals.microsoftco@gmail.com	18	Дніпропетровська	Покров	\N	415 492 725	Виконується
73	2023-03-11 11:25:14.740245+00	2023-03-24 14:46:23.583939+00	Стас	Сапаль	+380959379992	вул. Жостких Пацанів 77, кв. 7	sapals.microsoftco@gmail.com	1	Дніпропетровська	Покров		305 467 461	Виконується
77	2023-03-12 13:19:13.339245+00	2023-03-24 14:46:39.509738+00	Стас	Сапаль	+380959379992	вул. Жостких Пацанів 77, кв. 7	sapals.microsoftco@gmail.com	12	Дніпропетровська	Покров		507 381 621	Виконується
79	2023-03-12 16:58:55.663307+00	2023-03-24 14:47:05.701123+00	Стас	Сапаль	+380959379992	вул. Жостких Пацанів 77, кв. 7	sapals.microsoftco@gmail.com	17	Дніпропетровська	Покров		374 065 092	Виконується
80	2023-03-16 17:49:00.838816+00	2023-03-24 14:47:36.875101+00	Валерій	Круть	+380661112233	вул. Залупинська 2 кв. 1	valeracrud@mail.com	11	Дніпропетровська	Дніпро		871 378 926	Виконується
88	2023-03-24 15:11:02.677748+00	2023-03-24 15:27:50.174311+00	Валерій	Круть	+380661112233	вул. Залупинська 2 кв. 1	valeracrud@mail.com	86	Дніпропетровська	Дніпро		415 492 425	Виконується
89	2023-03-24 16:21:12.169386+00	2023-03-24 16:21:12.169412+00	Валерій	Круть	+380661112233	вул. Залупинська 2 кв. 1	valeracrud@mail.com	109	Дніпропетровська	Дніпро	\N	377 348 976	Виконується
90	2023-03-24 16:22:16.066724+00	2023-03-24 16:22:16.066756+00	Валерій	Круть	+380661112233	вул. Залупинська 2 кв. 1	valeracrud@mail.com	110	Дніпропетровська	Дніпро	\N	658 620 722	Виконується
93	2023-03-25 10:42:00.220399+00	2023-03-25 10:42:00.220425+00	Стас	Сапаль	+380959379992	вул. Жостких Пацанів 77, кв. 7	sapals.rozetka@gmail.com	93	Дніпропетровська	Покров	\N	018 316 251	Виконується
94	2023-03-26 12:13:53.774713+00	2023-03-26 12:15:15.46049+00	Стас	Сапаль	+380959379992	вул. Жостких Пацанів 77, кв. 7	sapals.microsoftco@gmail.com	107	Дніпропетровська	Покров		534 106 126	Виконано
95	2023-03-26 12:20:34.184172+00	2023-03-26 12:20:34.184301+00	вася	петров	+380775554411	вул. медична 30	fdhnh@gmail.com	120	Дніпропетровська	Покров	\N	665 826 318	Виконується
96	2023-03-27 12:05:13.954883+00	2023-03-27 12:05:13.954923+00	Стас	Сапаль	+380959379992	вул. Жостких Пацанів 77, кв. 7	sapals.microsoftco@gmail.com	114	Дніпропетровська	Покров	\N	992 617 526	Виконується
97	2023-03-28 10:08:19.281309+00	2023-03-28 10:08:19.281335+00	Петро	Бампер	+380954441122	вул. шевченка буд 2	bamperp@ukr.net	134	житомирська	житомир	\N	787 430 607	Виконується
98	2023-03-28 10:13:18.082851+00	2023-03-28 10:13:18.08288+00	вадлп	вапвап	+380956663322	sdfsdfsdf	sfjsdfj@mail.ru	135	sdfsdfsdf	sdfsdf	\N	085 302 929	Виконується
99	2023-03-28 10:25:07.530984+00	2023-03-28 10:25:07.531013+00	хуй	хуй	+380956664411	вул хуїв д7	hui@ukr.net	137	хуйова	хуїв	\N	567 836 235	Виконується
100	2023-03-28 10:55:00.785074+00	2023-03-28 10:55:00.785101+00	Валерій	Круть	+380661112233	вул. Залупинська 77 кв. 5	valeracrud2@mail.com	139	Дніпропетровська	Дніпро	\N	756 491 470	Виконується
101	2023-03-28 12:55:27.328015+00	2023-03-28 12:55:27.32804+00	Валерій	Круть	+380661112233	вул. Залупинська 2 кв. 1	valeracrud@mail.com	152	Дніпропетровська	Дніпро	\N	839 726 144	Виконується
102	2023-03-29 16:20:37.346508+00	2023-03-29 16:20:37.346538+00	Валерій	Круть	+380661112233	вул. Залупинська 2 кв. 1	valeracrud@mail.com	161	Дніпропетровська	Дніпро	\N	603 338 819	Виконується
103	2023-03-29 16:22:08.179477+00	2023-03-29 16:22:08.179507+00	Стас	Сапаль	+380959379992	вул. Жостких Пацанів 77, кв. 7	sapals.microsoftco@gmail.com	131	Дніпропетровська	Покров	\N	500 972 183	Виконується
104	2023-03-31 13:32:03.031342+00	2023-03-31 13:32:03.031365+00	Валерій	Круть	+380661112233	вул. Залупинська 2 кв. 1	valeracrud@mail.com	165	Дніпропетровська	Дніпро	\N	958 898 742	Виконується
105	2023-04-03 19:09:45.448418+00	2023-04-03 19:09:45.448448+00	Стас	Сапаль	+380959379992	вул. Жостких Пацанів 77, кв. 7	sapalstanislav22@gmail.com	119	Дніпропетровська	Покров	\N	145 456 295	Виконується
106	2023-04-03 19:13:37.804187+00	2023-04-03 19:13:37.804315+00	Стас	Сапаль	+380959379992	вул. Жостких Пацанів 77, кв. 7	sapalstanislav22@gmail.com	169	Дніпропетровська	Покров	\N	698 040 344	Виконується
107	2023-04-03 19:15:33.179358+00	2023-04-03 19:15:33.179387+00	Стас	Сапаль	+380959379992	вул. Жостких Пацанів 77, кв. 7	sapalstanislav22@gmail.com	170	Дніпропетровська	Покров	\N	678 104 846	Виконується
108	2023-04-04 10:46:50.798318+00	2023-04-04 10:46:50.798348+00	Стас	Сапаль	+380959379992	вул. Медична 77, кв. 7	sapalstanislav22@gmail.com	171	Дніпропетровська	Покров	\N	635 625 767	Виконується
109	2023-04-04 10:49:18.390589+00	2023-04-04 10:49:18.390626+00	Стас	Сапаль	+380959379992	вул. Медична 77, кв. 7	sapalstanislav22@gmail.com	172	Дніпропетровська	Покров	\N	395 490 178	Виконується
110	2023-04-04 10:53:14.849523+00	2023-04-04 10:53:14.849552+00	Стас	Сапаль	+380959379992	вул. Медична 77, кв. 7	sapalstanislav22@gmail.com	173	Дніпропетровська	Покров	\N	491 422 182	Виконується
111	2023-04-04 10:54:54.320816+00	2023-04-04 10:54:54.320845+00	Стас	Сапаль	+380959379992	вул. Медична 77, кв. 7	sapalstanislav22@gmail.com	174	Дніпропетровська	Покров	\N	352 305 924	Виконується
112	2023-04-04 11:28:59.707982+00	2023-04-04 11:28:59.708028+00	Стас	Сапаль	+380959379992	вул. Медична 77, кв. 7	sapalstanislav22@gmail.com	175	Дніпропетровська	Покров	\N	210 506 233	Виконується
113	2023-04-04 11:59:21.609499+00	2023-04-04 11:59:21.609536+00	Стас	Сапаль	+380959379992	вул. Медична 77, кв. 7	sapalstanislav22@gmail.com	176	Дніпропетровська	Покров	\N	074 374 457	Виконується
114	2023-04-04 13:28:34.142839+00	2023-04-04 13:28:34.14287+00	Стас	Сапаль	+380959379992	вул. Медична 77, кв. 7	sapalstanislav22@gmail.com	177	Дніпропетровська	Покров	\N	842 590 233	Виконується
115	2023-04-04 14:15:13.021214+00	2023-04-04 14:15:13.02124+00	Стас	Сапаль	+380959379992	вул. Медична 77, кв. 7	sapalstanislav22@gmail.com	178	Дніпропетровська	Покров	\N	375 333 608	Виконується
116	2023-04-04 14:23:31.577364+00	2023-04-04 14:23:31.577399+00	Катя	Штефан	+380955661332	вул. Медична 28, кв. 47	katyashtefan93@gmail.com	179	Дніпропетровська	Покров	\N	582 013 806	Виконується
117	2023-04-04 14:35:19.05472+00	2023-04-04 14:35:19.054745+00	Стас	Сапаль	+380959379992	вул. Медична 77, кв. 7	sapalstanislav22@gmail.com	180	Дніпропетровська	Покров	\N	052 288 881	Виконується
118	2023-04-04 14:40:50.800689+00	2023-04-04 14:40:50.800716+00	Стас	Сапаль	+380959379992	вул. Медична 77, кв. 7	sapalstanislav22@gmail.com	181	Дніпропетровська	Покров	\N	655 842 006	Виконується
119	2023-04-04 14:45:01.509733+00	2023-04-04 14:45:01.509763+00	Стас	Сапаль	+380959379992	вул. Медична 77, кв. 7	sapalstanislav22@gmail.com	182	Дніпропетровська	Покров	\N	823 489 964	Виконується
120	2023-04-04 14:47:02.619757+00	2023-04-04 14:47:02.619786+00	Васька	Петренко	+380661112233	вул. Залупинська 2 кв. 1	sapals.rozetka@gmail.com	184	Дніпропетровська	Дніпро	\N	942 484 305	Виконується
121	2023-04-04 14:50:12.215412+00	2023-04-04 14:50:12.215439+00	Васька	Петренко	+380661112233	вул. Залупинська 2 кв. 1	sapals.rozetka@gmail.com	183	Дніпропетровська	Дніпро	\N	115 639 062	Виконується
122	2023-04-11 08:25:59.100259+00	2023-04-11 08:25:59.100288+00	Стас	Сапаль	+380959379992	вул. Жостких Пацанів 77, кв. 7	sapals.rozetka@gmail.com	186	Дніпропетровська	Покров	\N	202 097 231	Виконується
\.


--
-- Data for Name: socialaccount_socialaccount; Type: TABLE DATA; Schema: public; Owner: generaladmin
--

COPY public.socialaccount_socialaccount (id, provider, uid, last_login, date_joined, extra_data, user_id) FROM stdin;
5	google	115420916165977406452	2023-04-18 17:10:44.395736+00	2023-03-23 15:30:59.559538+00	{"iss": "https://accounts.google.com", "azp": "496173919729-hsg4mqomkbej98knkfq2ap675vr10pa1.apps.googleusercontent.com", "aud": "496173919729-hsg4mqomkbej98knkfq2ap675vr10pa1.apps.googleusercontent.com", "sub": "115420916165977406452", "email": "sapals.rozetka@gmail.com", "email_verified": true, "at_hash": "KiQOFjauLVO9FOzCclxP6w", "name": "\\u0421\\u0442\\u0430\\u043d\\u0438\\u0441\\u043b\\u0430\\u0432 \\u0421\\u0430\\u043f\\u0430\\u043b\\u044c", "picture": "https://lh3.googleusercontent.com/a/AGNmyxZR7edgdFfvYCy7LYGrxCrdO0xqL7EhjQKIhnfjIQ=s96-c", "given_name": "\\u0421\\u0442\\u0430\\u043d\\u0438\\u0441\\u043b\\u0430\\u0432", "family_name": "\\u0421\\u0430\\u043f\\u0430\\u043b\\u044c", "locale": "uk", "iat": 1681837844, "exp": 1681841444}	11
4	google	106967454215964920902	2023-03-23 12:25:15.790033+00	2023-03-23 12:22:10.667384+00	{"iss": "https://accounts.google.com", "azp": "496173919729-hsg4mqomkbej98knkfq2ap675vr10pa1.apps.googleusercontent.com", "aud": "496173919729-hsg4mqomkbej98knkfq2ap675vr10pa1.apps.googleusercontent.com", "sub": "106967454215964920902", "email": "sapalstanislav22@gmail.com", "email_verified": true, "at_hash": "zXScPODZeC4xIztYBHi_mQ", "name": "\\u0421\\u0442\\u0430\\u043d\\u0438\\u0441\\u043b\\u0430\\u0432 \\u0421\\u0430\\u043f\\u0430\\u043b\\u044c", "picture": "https://lh3.googleusercontent.com/a/AGNmyxaYQ9FUkPwmYq7qmG2yY32CBmywx_f58I9fmuM6uQ=s96-c", "given_name": "\\u0421\\u0442\\u0430\\u043d\\u0438\\u0441\\u043b\\u0430\\u0432", "family_name": "\\u0421\\u0430\\u043f\\u0430\\u043b\\u044c", "locale": "ru", "iat": 1679574315, "exp": 1679577915}	10
\.


--
-- Data for Name: socialaccount_socialapp; Type: TABLE DATA; Schema: public; Owner: generaladmin
--

COPY public.socialaccount_socialapp (id, provider, name, client_id, secret, key) FROM stdin;
1	google	django project	496173919729-hsg4mqomkbej98knkfq2ap675vr10pa1.apps.googleusercontent.com	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	
\.


--
-- Data for Name: socialaccount_socialapp_sites; Type: TABLE DATA; Schema: public; Owner: generaladmin
--

COPY public.socialaccount_socialapp_sites (id, socialapp_id, site_id) FROM stdin;
1	1	1
\.


--
-- Data for Name: socialaccount_socialtoken; Type: TABLE DATA; Schema: public; Owner: generaladmin
--

COPY public.socialaccount_socialtoken (id, token, token_secret, expires_at, account_id, app_id) FROM stdin;
\.


--
-- Name: account_emailaddress_id_seq; Type: SEQUENCE SET; Schema: public; Owner: generaladmin
--

SELECT pg_catalog.setval('public.account_emailaddress_id_seq', 5, true);


--
-- Name: account_emailconfirmation_id_seq; Type: SEQUENCE SET; Schema: public; Owner: generaladmin
--

SELECT pg_catalog.setval('public.account_emailconfirmation_id_seq', 1, false);


--
-- Name: auth_group_id_seq; Type: SEQUENCE SET; Schema: public; Owner: generaladmin
--

SELECT pg_catalog.setval('public.auth_group_id_seq', 1, true);


--
-- Name: auth_group_permissions_id_seq; Type: SEQUENCE SET; Schema: public; Owner: generaladmin
--

SELECT pg_catalog.setval('public.auth_group_permissions_id_seq', 8, true);


--
-- Name: auth_permission_id_seq; Type: SEQUENCE SET; Schema: public; Owner: generaladmin
--

SELECT pg_catalog.setval('public.auth_permission_id_seq', 76, true);


--
-- Name: authentication_user_groups_id_seq; Type: SEQUENCE SET; Schema: public; Owner: generaladmin
--

SELECT pg_catalog.setval('public.authentication_user_groups_id_seq', 1, false);


--
-- Name: authentication_user_id_seq; Type: SEQUENCE SET; Schema: public; Owner: generaladmin
--

SELECT pg_catalog.setval('public.authentication_user_id_seq', 11, true);


--
-- Name: authentication_user_user_permissions_id_seq; Type: SEQUENCE SET; Schema: public; Owner: generaladmin
--

SELECT pg_catalog.setval('public.authentication_user_user_permissions_id_seq', 1, false);


--
-- Name: cart_cart_id_seq; Type: SEQUENCE SET; Schema: public; Owner: generaladmin
--

SELECT pg_catalog.setval('public.cart_cart_id_seq', 192, true);


--
-- Name: cart_cartitem_id_seq; Type: SEQUENCE SET; Schema: public; Owner: generaladmin
--

SELECT pg_catalog.setval('public.cart_cartitem_id_seq', 293, true);


--
-- Name: catalog_category_id_seq; Type: SEQUENCE SET; Schema: public; Owner: generaladmin
--

SELECT pg_catalog.setval('public.catalog_category_id_seq', 5, true);


--
-- Name: catalog_product_id_seq; Type: SEQUENCE SET; Schema: public; Owner: generaladmin
--

SELECT pg_catalog.setval('public.catalog_product_id_seq', 29, true);


--
-- Name: catalog_product_size_id_seq; Type: SEQUENCE SET; Schema: public; Owner: generaladmin
--

SELECT pg_catalog.setval('public.catalog_product_size_id_seq', 14, true);


--
-- Name: catalog_productimage_id_seq; Type: SEQUENCE SET; Schema: public; Owner: generaladmin
--

SELECT pg_catalog.setval('public.catalog_productimage_id_seq', 73, true);


--
-- Name: catalog_productsize_id_seq; Type: SEQUENCE SET; Schema: public; Owner: generaladmin
--

SELECT pg_catalog.setval('public.catalog_productsize_id_seq', 10, true);


--
-- Name: django_admin_log_id_seq; Type: SEQUENCE SET; Schema: public; Owner: generaladmin
--

SELECT pg_catalog.setval('public.django_admin_log_id_seq', 479, true);


--
-- Name: django_content_type_id_seq; Type: SEQUENCE SET; Schema: public; Owner: generaladmin
--

SELECT pg_catalog.setval('public.django_content_type_id_seq', 19, true);


--
-- Name: django_migrations_id_seq; Type: SEQUENCE SET; Schema: public; Owner: generaladmin
--

SELECT pg_catalog.setval('public.django_migrations_id_seq', 64, true);


--
-- Name: django_site_id_seq; Type: SEQUENCE SET; Schema: public; Owner: generaladmin
--

SELECT pg_catalog.setval('public.django_site_id_seq', 1, true);


--
-- Name: order_order_id_seq; Type: SEQUENCE SET; Schema: public; Owner: generaladmin
--

SELECT pg_catalog.setval('public.order_order_id_seq', 122, true);


--
-- Name: socialaccount_socialaccount_id_seq; Type: SEQUENCE SET; Schema: public; Owner: generaladmin
--

SELECT pg_catalog.setval('public.socialaccount_socialaccount_id_seq', 5, true);


--
-- Name: socialaccount_socialapp_id_seq; Type: SEQUENCE SET; Schema: public; Owner: generaladmin
--

SELECT pg_catalog.setval('public.socialaccount_socialapp_id_seq', 1, true);


--
-- Name: socialaccount_socialapp_sites_id_seq; Type: SEQUENCE SET; Schema: public; Owner: generaladmin
--

SELECT pg_catalog.setval('public.socialaccount_socialapp_sites_id_seq', 1, true);


--
-- Name: socialaccount_socialtoken_id_seq; Type: SEQUENCE SET; Schema: public; Owner: generaladmin
--

SELECT pg_catalog.setval('public.socialaccount_socialtoken_id_seq', 1, false);


--
-- Name: account_emailaddress account_emailaddress_email_key; Type: CONSTRAINT; Schema: public; Owner: generaladmin
--

ALTER TABLE ONLY public.account_emailaddress
    ADD CONSTRAINT account_emailaddress_email_key UNIQUE (email);


--
-- Name: account_emailaddress account_emailaddress_pkey; Type: CONSTRAINT; Schema: public; Owner: generaladmin
--

ALTER TABLE ONLY public.account_emailaddress
    ADD CONSTRAINT account_emailaddress_pkey PRIMARY KEY (id);


--
-- Name: account_emailconfirmation account_emailconfirmation_key_key; Type: CONSTRAINT; Schema: public; Owner: generaladmin
--

ALTER TABLE ONLY public.account_emailconfirmation
    ADD CONSTRAINT account_emailconfirmation_key_key UNIQUE (key);


--
-- Name: account_emailconfirmation account_emailconfirmation_pkey; Type: CONSTRAINT; Schema: public; Owner: generaladmin
--

ALTER TABLE ONLY public.account_emailconfirmation
    ADD CONSTRAINT account_emailconfirmation_pkey PRIMARY KEY (id);


--
-- Name: auth_group auth_group_name_key; Type: CONSTRAINT; Schema: public; Owner: generaladmin
--

ALTER TABLE ONLY public.auth_group
    ADD CONSTRAINT auth_group_name_key UNIQUE (name);


--
-- Name: auth_group_permissions auth_group_permissions_group_id_permission_id_0cd325b0_uniq; Type: CONSTRAINT; Schema: public; Owner: generaladmin
--

ALTER TABLE ONLY public.auth_group_permissions
    ADD CONSTRAINT auth_group_permissions_group_id_permission_id_0cd325b0_uniq UNIQUE (group_id, permission_id);


--
-- Name: auth_group_permissions auth_group_permissions_pkey; Type: CONSTRAINT; Schema: public; Owner: generaladmin
--

ALTER TABLE ONLY public.auth_group_permissions
    ADD CONSTRAINT auth_group_permissions_pkey PRIMARY KEY (id);


--
-- Name: auth_group auth_group_pkey; Type: CONSTRAINT; Schema: public; Owner: generaladmin
--

ALTER TABLE ONLY public.auth_group
    ADD CONSTRAINT auth_group_pkey PRIMARY KEY (id);


--
-- Name: auth_permission auth_permission_content_type_id_codename_01ab375a_uniq; Type: CONSTRAINT; Schema: public; Owner: generaladmin
--

ALTER TABLE ONLY public.auth_permission
    ADD CONSTRAINT auth_permission_content_type_id_codename_01ab375a_uniq UNIQUE (content_type_id, codename);


--
-- Name: auth_permission auth_permission_pkey; Type: CONSTRAINT; Schema: public; Owner: generaladmin
--

ALTER TABLE ONLY public.auth_permission
    ADD CONSTRAINT auth_permission_pkey PRIMARY KEY (id);


--
-- Name: authentication_user authentication_user_email_key; Type: CONSTRAINT; Schema: public; Owner: generaladmin
--

ALTER TABLE ONLY public.authentication_user
    ADD CONSTRAINT authentication_user_email_key UNIQUE (email);


--
-- Name: authentication_user_groups authentication_user_groups_pkey; Type: CONSTRAINT; Schema: public; Owner: generaladmin
--

ALTER TABLE ONLY public.authentication_user_groups
    ADD CONSTRAINT authentication_user_groups_pkey PRIMARY KEY (id);


--
-- Name: authentication_user_groups authentication_user_groups_user_id_group_id_8af031ac_uniq; Type: CONSTRAINT; Schema: public; Owner: generaladmin
--

ALTER TABLE ONLY public.authentication_user_groups
    ADD CONSTRAINT authentication_user_groups_user_id_group_id_8af031ac_uniq UNIQUE (user_id, group_id);


--
-- Name: authentication_user authentication_user_pkey; Type: CONSTRAINT; Schema: public; Owner: generaladmin
--

ALTER TABLE ONLY public.authentication_user
    ADD CONSTRAINT authentication_user_pkey PRIMARY KEY (id);


--
-- Name: authentication_user_user_permissions authentication_user_user_permissions_pkey; Type: CONSTRAINT; Schema: public; Owner: generaladmin
--

ALTER TABLE ONLY public.authentication_user_user_permissions
    ADD CONSTRAINT authentication_user_user_permissions_pkey PRIMARY KEY (id);


--
-- Name: authentication_user_user_permissions authentication_user_user_user_id_permission_id_ec51b09f_uniq; Type: CONSTRAINT; Schema: public; Owner: generaladmin
--

ALTER TABLE ONLY public.authentication_user_user_permissions
    ADD CONSTRAINT authentication_user_user_user_id_permission_id_ec51b09f_uniq UNIQUE (user_id, permission_id);


--
-- Name: authentication_user authentication_user_username_key; Type: CONSTRAINT; Schema: public; Owner: generaladmin
--

ALTER TABLE ONLY public.authentication_user
    ADD CONSTRAINT authentication_user_username_key UNIQUE (username);


--
-- Name: cart_cart cart_cart_pkey; Type: CONSTRAINT; Schema: public; Owner: generaladmin
--

ALTER TABLE ONLY public.cart_cart
    ADD CONSTRAINT cart_cart_pkey PRIMARY KEY (id);


--
-- Name: cart_cart cart_cart_token_af10fc63_uniq; Type: CONSTRAINT; Schema: public; Owner: generaladmin
--

ALTER TABLE ONLY public.cart_cart
    ADD CONSTRAINT cart_cart_token_af10fc63_uniq UNIQUE (token);


--
-- Name: cart_cartitem cart_cartitem_pkey; Type: CONSTRAINT; Schema: public; Owner: generaladmin
--

ALTER TABLE ONLY public.cart_cartitem
    ADD CONSTRAINT cart_cartitem_pkey PRIMARY KEY (id);


--
-- Name: catalog_category catalog_category_pkey; Type: CONSTRAINT; Schema: public; Owner: generaladmin
--

ALTER TABLE ONLY public.catalog_category
    ADD CONSTRAINT catalog_category_pkey PRIMARY KEY (id);


--
-- Name: catalog_category catalog_category_slug_key; Type: CONSTRAINT; Schema: public; Owner: generaladmin
--

ALTER TABLE ONLY public.catalog_category
    ADD CONSTRAINT catalog_category_slug_key UNIQUE (slug);


--
-- Name: catalog_product catalog_product_pkey; Type: CONSTRAINT; Schema: public; Owner: generaladmin
--

ALTER TABLE ONLY public.catalog_product
    ADD CONSTRAINT catalog_product_pkey PRIMARY KEY (id);


--
-- Name: catalog_product_size catalog_product_size_pkey; Type: CONSTRAINT; Schema: public; Owner: generaladmin
--

ALTER TABLE ONLY public.catalog_product_size
    ADD CONSTRAINT catalog_product_size_pkey PRIMARY KEY (id);


--
-- Name: catalog_product_size catalog_product_size_product_id_productsize_id_6132ca72_uniq; Type: CONSTRAINT; Schema: public; Owner: generaladmin
--

ALTER TABLE ONLY public.catalog_product_size
    ADD CONSTRAINT catalog_product_size_product_id_productsize_id_6132ca72_uniq UNIQUE (product_id, productsize_id);


--
-- Name: catalog_product catalog_product_slug_key; Type: CONSTRAINT; Schema: public; Owner: generaladmin
--

ALTER TABLE ONLY public.catalog_product
    ADD CONSTRAINT catalog_product_slug_key UNIQUE (slug);


--
-- Name: catalog_productimage catalog_productimage_pkey; Type: CONSTRAINT; Schema: public; Owner: generaladmin
--

ALTER TABLE ONLY public.catalog_productimage
    ADD CONSTRAINT catalog_productimage_pkey PRIMARY KEY (id);


--
-- Name: catalog_productsize catalog_productsize_pkey; Type: CONSTRAINT; Schema: public; Owner: generaladmin
--

ALTER TABLE ONLY public.catalog_productsize
    ADD CONSTRAINT catalog_productsize_pkey PRIMARY KEY (id);


--
-- Name: django_admin_log django_admin_log_pkey; Type: CONSTRAINT; Schema: public; Owner: generaladmin
--

ALTER TABLE ONLY public.django_admin_log
    ADD CONSTRAINT django_admin_log_pkey PRIMARY KEY (id);


--
-- Name: django_content_type django_content_type_app_label_model_76bd3d3b_uniq; Type: CONSTRAINT; Schema: public; Owner: generaladmin
--

ALTER TABLE ONLY public.django_content_type
    ADD CONSTRAINT django_content_type_app_label_model_76bd3d3b_uniq UNIQUE (app_label, model);


--
-- Name: django_content_type django_content_type_pkey; Type: CONSTRAINT; Schema: public; Owner: generaladmin
--

ALTER TABLE ONLY public.django_content_type
    ADD CONSTRAINT django_content_type_pkey PRIMARY KEY (id);


--
-- Name: django_migrations django_migrations_pkey; Type: CONSTRAINT; Schema: public; Owner: generaladmin
--

ALTER TABLE ONLY public.django_migrations
    ADD CONSTRAINT django_migrations_pkey PRIMARY KEY (id);


--
-- Name: django_session django_session_pkey; Type: CONSTRAINT; Schema: public; Owner: generaladmin
--

ALTER TABLE ONLY public.django_session
    ADD CONSTRAINT django_session_pkey PRIMARY KEY (session_key);


--
-- Name: django_site django_site_domain_a2e37b91_uniq; Type: CONSTRAINT; Schema: public; Owner: generaladmin
--

ALTER TABLE ONLY public.django_site
    ADD CONSTRAINT django_site_domain_a2e37b91_uniq UNIQUE (domain);


--
-- Name: django_site django_site_pkey; Type: CONSTRAINT; Schema: public; Owner: generaladmin
--

ALTER TABLE ONLY public.django_site
    ADD CONSTRAINT django_site_pkey PRIMARY KEY (id);


--
-- Name: order_order order_order_order_number_21369dec_uniq; Type: CONSTRAINT; Schema: public; Owner: generaladmin
--

ALTER TABLE ONLY public.order_order
    ADD CONSTRAINT order_order_order_number_21369dec_uniq UNIQUE (order_number);


--
-- Name: order_order order_order_pkey; Type: CONSTRAINT; Schema: public; Owner: generaladmin
--

ALTER TABLE ONLY public.order_order
    ADD CONSTRAINT order_order_pkey PRIMARY KEY (id);


--
-- Name: socialaccount_socialaccount socialaccount_socialaccount_pkey; Type: CONSTRAINT; Schema: public; Owner: generaladmin
--

ALTER TABLE ONLY public.socialaccount_socialaccount
    ADD CONSTRAINT socialaccount_socialaccount_pkey PRIMARY KEY (id);


--
-- Name: socialaccount_socialaccount socialaccount_socialaccount_provider_uid_fc810c6e_uniq; Type: CONSTRAINT; Schema: public; Owner: generaladmin
--

ALTER TABLE ONLY public.socialaccount_socialaccount
    ADD CONSTRAINT socialaccount_socialaccount_provider_uid_fc810c6e_uniq UNIQUE (provider, uid);


--
-- Name: socialaccount_socialapp_sites socialaccount_socialapp__socialapp_id_site_id_71a9a768_uniq; Type: CONSTRAINT; Schema: public; Owner: generaladmin
--

ALTER TABLE ONLY public.socialaccount_socialapp_sites
    ADD CONSTRAINT socialaccount_socialapp__socialapp_id_site_id_71a9a768_uniq UNIQUE (socialapp_id, site_id);


--
-- Name: socialaccount_socialapp socialaccount_socialapp_pkey; Type: CONSTRAINT; Schema: public; Owner: generaladmin
--

ALTER TABLE ONLY public.socialaccount_socialapp
    ADD CONSTRAINT socialaccount_socialapp_pkey PRIMARY KEY (id);


--
-- Name: socialaccount_socialapp_sites socialaccount_socialapp_sites_pkey; Type: CONSTRAINT; Schema: public; Owner: generaladmin
--

ALTER TABLE ONLY public.socialaccount_socialapp_sites
    ADD CONSTRAINT socialaccount_socialapp_sites_pkey PRIMARY KEY (id);


--
-- Name: socialaccount_socialtoken socialaccount_socialtoken_app_id_account_id_fca4e0ac_uniq; Type: CONSTRAINT; Schema: public; Owner: generaladmin
--

ALTER TABLE ONLY public.socialaccount_socialtoken
    ADD CONSTRAINT socialaccount_socialtoken_app_id_account_id_fca4e0ac_uniq UNIQUE (app_id, account_id);


--
-- Name: socialaccount_socialtoken socialaccount_socialtoken_pkey; Type: CONSTRAINT; Schema: public; Owner: generaladmin
--

ALTER TABLE ONLY public.socialaccount_socialtoken
    ADD CONSTRAINT socialaccount_socialtoken_pkey PRIMARY KEY (id);


--
-- Name: account_emailaddress_email_03be32b2_like; Type: INDEX; Schema: public; Owner: generaladmin
--

CREATE INDEX account_emailaddress_email_03be32b2_like ON public.account_emailaddress USING btree (email varchar_pattern_ops);


--
-- Name: account_emailaddress_user_id_2c513194; Type: INDEX; Schema: public; Owner: generaladmin
--

CREATE INDEX account_emailaddress_user_id_2c513194 ON public.account_emailaddress USING btree (user_id);


--
-- Name: account_emailconfirmation_email_address_id_5b7f8c58; Type: INDEX; Schema: public; Owner: generaladmin
--

CREATE INDEX account_emailconfirmation_email_address_id_5b7f8c58 ON public.account_emailconfirmation USING btree (email_address_id);


--
-- Name: account_emailconfirmation_key_f43612bd_like; Type: INDEX; Schema: public; Owner: generaladmin
--

CREATE INDEX account_emailconfirmation_key_f43612bd_like ON public.account_emailconfirmation USING btree (key varchar_pattern_ops);


--
-- Name: auth_group_name_a6ea08ec_like; Type: INDEX; Schema: public; Owner: generaladmin
--

CREATE INDEX auth_group_name_a6ea08ec_like ON public.auth_group USING btree (name varchar_pattern_ops);


--
-- Name: auth_group_permissions_group_id_b120cbf9; Type: INDEX; Schema: public; Owner: generaladmin
--

CREATE INDEX auth_group_permissions_group_id_b120cbf9 ON public.auth_group_permissions USING btree (group_id);


--
-- Name: auth_group_permissions_permission_id_84c5c92e; Type: INDEX; Schema: public; Owner: generaladmin
--

CREATE INDEX auth_group_permissions_permission_id_84c5c92e ON public.auth_group_permissions USING btree (permission_id);


--
-- Name: auth_permission_content_type_id_2f476e4b; Type: INDEX; Schema: public; Owner: generaladmin
--

CREATE INDEX auth_permission_content_type_id_2f476e4b ON public.auth_permission USING btree (content_type_id);


--
-- Name: authentication_user_email_2220eff5_like; Type: INDEX; Schema: public; Owner: generaladmin
--

CREATE INDEX authentication_user_email_2220eff5_like ON public.authentication_user USING btree (email varchar_pattern_ops);


--
-- Name: authentication_user_groups_group_id_6b5c44b7; Type: INDEX; Schema: public; Owner: generaladmin
--

CREATE INDEX authentication_user_groups_group_id_6b5c44b7 ON public.authentication_user_groups USING btree (group_id);


--
-- Name: authentication_user_groups_user_id_30868577; Type: INDEX; Schema: public; Owner: generaladmin
--

CREATE INDEX authentication_user_groups_user_id_30868577 ON public.authentication_user_groups USING btree (user_id);


--
-- Name: authentication_user_user_permissions_permission_id_ea6be19a; Type: INDEX; Schema: public; Owner: generaladmin
--

CREATE INDEX authentication_user_user_permissions_permission_id_ea6be19a ON public.authentication_user_user_permissions USING btree (permission_id);


--
-- Name: authentication_user_user_permissions_user_id_736ebf7e; Type: INDEX; Schema: public; Owner: generaladmin
--

CREATE INDEX authentication_user_user_permissions_user_id_736ebf7e ON public.authentication_user_user_permissions USING btree (user_id);


--
-- Name: authentication_user_username_a09a089e_like; Type: INDEX; Schema: public; Owner: generaladmin
--

CREATE INDEX authentication_user_username_a09a089e_like ON public.authentication_user USING btree (username varchar_pattern_ops);


--
-- Name: cart_cart_created_c62d2163; Type: INDEX; Schema: public; Owner: generaladmin
--

CREATE INDEX cart_cart_created_c62d2163 ON public.cart_cart USING btree (created);


--
-- Name: cart_cart_token_af10fc63_like; Type: INDEX; Schema: public; Owner: generaladmin
--

CREATE INDEX cart_cart_token_af10fc63_like ON public.cart_cart USING btree (token varchar_pattern_ops);


--
-- Name: cart_cart_updated_3218e68a; Type: INDEX; Schema: public; Owner: generaladmin
--

CREATE INDEX cart_cart_updated_3218e68a ON public.cart_cart USING btree (updated);


--
-- Name: cart_cart_user_id_9b4220b9; Type: INDEX; Schema: public; Owner: generaladmin
--

CREATE INDEX cart_cart_user_id_9b4220b9 ON public.cart_cart USING btree (user_id);


--
-- Name: cart_cartitem_cart_id_370ad265; Type: INDEX; Schema: public; Owner: generaladmin
--

CREATE INDEX cart_cartitem_cart_id_370ad265 ON public.cart_cartitem USING btree (cart_id);


--
-- Name: cart_cartitem_created_357f2ab9; Type: INDEX; Schema: public; Owner: generaladmin
--

CREATE INDEX cart_cartitem_created_357f2ab9 ON public.cart_cartitem USING btree (created);


--
-- Name: cart_cartitem_product_id_b24e265a; Type: INDEX; Schema: public; Owner: generaladmin
--

CREATE INDEX cart_cartitem_product_id_b24e265a ON public.cart_cartitem USING btree (product_id);


--
-- Name: cart_cartitem_updated_3740dfc8; Type: INDEX; Schema: public; Owner: generaladmin
--

CREATE INDEX cart_cartitem_updated_3740dfc8 ON public.cart_cartitem USING btree (updated);


--
-- Name: catalog_category_slug_dbf63ad0_like; Type: INDEX; Schema: public; Owner: generaladmin
--

CREATE INDEX catalog_category_slug_dbf63ad0_like ON public.catalog_category USING btree (slug varchar_pattern_ops);


--
-- Name: catalog_category_title_3d2ad25c; Type: INDEX; Schema: public; Owner: generaladmin
--

CREATE INDEX catalog_category_title_3d2ad25c ON public.catalog_category USING btree (title);


--
-- Name: catalog_category_title_3d2ad25c_like; Type: INDEX; Schema: public; Owner: generaladmin
--

CREATE INDEX catalog_category_title_3d2ad25c_like ON public.catalog_category USING btree (title varchar_pattern_ops);


--
-- Name: catalog_product_category_id_35bf920b; Type: INDEX; Schema: public; Owner: generaladmin
--

CREATE INDEX catalog_product_category_id_35bf920b ON public.catalog_product USING btree (category_id);


--
-- Name: catalog_product_size_product_id_c423860f; Type: INDEX; Schema: public; Owner: generaladmin
--

CREATE INDEX catalog_product_size_product_id_c423860f ON public.catalog_product_size USING btree (product_id);


--
-- Name: catalog_product_size_productsize_id_d2792dbe; Type: INDEX; Schema: public; Owner: generaladmin
--

CREATE INDEX catalog_product_size_productsize_id_d2792dbe ON public.catalog_product_size USING btree (productsize_id);


--
-- Name: catalog_product_slug_f37848b0_like; Type: INDEX; Schema: public; Owner: generaladmin
--

CREATE INDEX catalog_product_slug_f37848b0_like ON public.catalog_product USING btree (slug varchar_pattern_ops);


--
-- Name: catalog_productimage_product_id_1f42dd8c; Type: INDEX; Schema: public; Owner: generaladmin
--

CREATE INDEX catalog_productimage_product_id_1f42dd8c ON public.catalog_productimage USING btree (product_id);


--
-- Name: django_admin_log_content_type_id_c4bce8eb; Type: INDEX; Schema: public; Owner: generaladmin
--

CREATE INDEX django_admin_log_content_type_id_c4bce8eb ON public.django_admin_log USING btree (content_type_id);


--
-- Name: django_admin_log_user_id_c564eba6; Type: INDEX; Schema: public; Owner: generaladmin
--

CREATE INDEX django_admin_log_user_id_c564eba6 ON public.django_admin_log USING btree (user_id);


--
-- Name: django_session_expire_date_a5c62663; Type: INDEX; Schema: public; Owner: generaladmin
--

CREATE INDEX django_session_expire_date_a5c62663 ON public.django_session USING btree (expire_date);


--
-- Name: django_session_session_key_c0390e0f_like; Type: INDEX; Schema: public; Owner: generaladmin
--

CREATE INDEX django_session_session_key_c0390e0f_like ON public.django_session USING btree (session_key varchar_pattern_ops);


--
-- Name: django_site_domain_a2e37b91_like; Type: INDEX; Schema: public; Owner: generaladmin
--

CREATE INDEX django_site_domain_a2e37b91_like ON public.django_site USING btree (domain varchar_pattern_ops);


--
-- Name: order_order_cart_id_d14f666c; Type: INDEX; Schema: public; Owner: generaladmin
--

CREATE INDEX order_order_cart_id_d14f666c ON public.order_order USING btree (cart_id);


--
-- Name: order_order_created_ab288094; Type: INDEX; Schema: public; Owner: generaladmin
--

CREATE INDEX order_order_created_ab288094 ON public.order_order USING btree (created);


--
-- Name: order_order_order_number_21369dec_like; Type: INDEX; Schema: public; Owner: generaladmin
--

CREATE INDEX order_order_order_number_21369dec_like ON public.order_order USING btree (order_number varchar_pattern_ops);


--
-- Name: order_order_updated_6088e402; Type: INDEX; Schema: public; Owner: generaladmin
--

CREATE INDEX order_order_updated_6088e402 ON public.order_order USING btree (updated);


--
-- Name: socialaccount_socialaccount_user_id_8146e70c; Type: INDEX; Schema: public; Owner: generaladmin
--

CREATE INDEX socialaccount_socialaccount_user_id_8146e70c ON public.socialaccount_socialaccount USING btree (user_id);


--
-- Name: socialaccount_socialapp_sites_site_id_2579dee5; Type: INDEX; Schema: public; Owner: generaladmin
--

CREATE INDEX socialaccount_socialapp_sites_site_id_2579dee5 ON public.socialaccount_socialapp_sites USING btree (site_id);


--
-- Name: socialaccount_socialapp_sites_socialapp_id_97fb6e7d; Type: INDEX; Schema: public; Owner: generaladmin
--

CREATE INDEX socialaccount_socialapp_sites_socialapp_id_97fb6e7d ON public.socialaccount_socialapp_sites USING btree (socialapp_id);


--
-- Name: socialaccount_socialtoken_account_id_951f210e; Type: INDEX; Schema: public; Owner: generaladmin
--

CREATE INDEX socialaccount_socialtoken_account_id_951f210e ON public.socialaccount_socialtoken USING btree (account_id);


--
-- Name: socialaccount_socialtoken_app_id_636a42d7; Type: INDEX; Schema: public; Owner: generaladmin
--

CREATE INDEX socialaccount_socialtoken_app_id_636a42d7 ON public.socialaccount_socialtoken USING btree (app_id);


--
-- Name: account_emailaddress account_emailaddress_user_id_2c513194_fk_authentication_user_id; Type: FK CONSTRAINT; Schema: public; Owner: generaladmin
--

ALTER TABLE ONLY public.account_emailaddress
    ADD CONSTRAINT account_emailaddress_user_id_2c513194_fk_authentication_user_id FOREIGN KEY (user_id) REFERENCES public.authentication_user(id) DEFERRABLE INITIALLY DEFERRED;


--
-- Name: account_emailconfirmation account_emailconfirm_email_address_id_5b7f8c58_fk_account_e; Type: FK CONSTRAINT; Schema: public; Owner: generaladmin
--

ALTER TABLE ONLY public.account_emailconfirmation
    ADD CONSTRAINT account_emailconfirm_email_address_id_5b7f8c58_fk_account_e FOREIGN KEY (email_address_id) REFERENCES public.account_emailaddress(id) DEFERRABLE INITIALLY DEFERRED;


--
-- Name: auth_group_permissions auth_group_permissio_permission_id_84c5c92e_fk_auth_perm; Type: FK CONSTRAINT; Schema: public; Owner: generaladmin
--

ALTER TABLE ONLY public.auth_group_permissions
    ADD CONSTRAINT auth_group_permissio_permission_id_84c5c92e_fk_auth_perm FOREIGN KEY (permission_id) REFERENCES public.auth_permission(id) DEFERRABLE INITIALLY DEFERRED;


--
-- Name: auth_group_permissions auth_group_permissions_group_id_b120cbf9_fk_auth_group_id; Type: FK CONSTRAINT; Schema: public; Owner: generaladmin
--

ALTER TABLE ONLY public.auth_group_permissions
    ADD CONSTRAINT auth_group_permissions_group_id_b120cbf9_fk_auth_group_id FOREIGN KEY (group_id) REFERENCES public.auth_group(id) DEFERRABLE INITIALLY DEFERRED;


--
-- Name: auth_permission auth_permission_content_type_id_2f476e4b_fk_django_co; Type: FK CONSTRAINT; Schema: public; Owner: generaladmin
--

ALTER TABLE ONLY public.auth_permission
    ADD CONSTRAINT auth_permission_content_type_id_2f476e4b_fk_django_co FOREIGN KEY (content_type_id) REFERENCES public.django_content_type(id) DEFERRABLE INITIALLY DEFERRED;


--
-- Name: authentication_user_user_permissions authentication_user__permission_id_ea6be19a_fk_auth_perm; Type: FK CONSTRAINT; Schema: public; Owner: generaladmin
--

ALTER TABLE ONLY public.authentication_user_user_permissions
    ADD CONSTRAINT authentication_user__permission_id_ea6be19a_fk_auth_perm FOREIGN KEY (permission_id) REFERENCES public.auth_permission(id) DEFERRABLE INITIALLY DEFERRED;


--
-- Name: authentication_user_groups authentication_user__user_id_30868577_fk_authentic; Type: FK CONSTRAINT; Schema: public; Owner: generaladmin
--

ALTER TABLE ONLY public.authentication_user_groups
    ADD CONSTRAINT authentication_user__user_id_30868577_fk_authentic FOREIGN KEY (user_id) REFERENCES public.authentication_user(id) DEFERRABLE INITIALLY DEFERRED;


--
-- Name: authentication_user_user_permissions authentication_user__user_id_736ebf7e_fk_authentic; Type: FK CONSTRAINT; Schema: public; Owner: generaladmin
--

ALTER TABLE ONLY public.authentication_user_user_permissions
    ADD CONSTRAINT authentication_user__user_id_736ebf7e_fk_authentic FOREIGN KEY (user_id) REFERENCES public.authentication_user(id) DEFERRABLE INITIALLY DEFERRED;


--
-- Name: authentication_user_groups authentication_user_groups_group_id_6b5c44b7_fk_auth_group_id; Type: FK CONSTRAINT; Schema: public; Owner: generaladmin
--

ALTER TABLE ONLY public.authentication_user_groups
    ADD CONSTRAINT authentication_user_groups_group_id_6b5c44b7_fk_auth_group_id FOREIGN KEY (group_id) REFERENCES public.auth_group(id) DEFERRABLE INITIALLY DEFERRED;


--
-- Name: cart_cart cart_cart_user_id_9b4220b9_fk_authentication_user_id; Type: FK CONSTRAINT; Schema: public; Owner: generaladmin
--

ALTER TABLE ONLY public.cart_cart
    ADD CONSTRAINT cart_cart_user_id_9b4220b9_fk_authentication_user_id FOREIGN KEY (user_id) REFERENCES public.authentication_user(id) DEFERRABLE INITIALLY DEFERRED;


--
-- Name: cart_cartitem cart_cartitem_cart_id_370ad265_fk_cart_cart_id; Type: FK CONSTRAINT; Schema: public; Owner: generaladmin
--

ALTER TABLE ONLY public.cart_cartitem
    ADD CONSTRAINT cart_cartitem_cart_id_370ad265_fk_cart_cart_id FOREIGN KEY (cart_id) REFERENCES public.cart_cart(id) DEFERRABLE INITIALLY DEFERRED;


--
-- Name: cart_cartitem cart_cartitem_product_id_b24e265a_fk_catalog_product_id; Type: FK CONSTRAINT; Schema: public; Owner: generaladmin
--

ALTER TABLE ONLY public.cart_cartitem
    ADD CONSTRAINT cart_cartitem_product_id_b24e265a_fk_catalog_product_id FOREIGN KEY (product_id) REFERENCES public.catalog_product(id) DEFERRABLE INITIALLY DEFERRED;


--
-- Name: catalog_product catalog_product_category_id_35bf920b_fk_catalog_category_id; Type: FK CONSTRAINT; Schema: public; Owner: generaladmin
--

ALTER TABLE ONLY public.catalog_product
    ADD CONSTRAINT catalog_product_category_id_35bf920b_fk_catalog_category_id FOREIGN KEY (category_id) REFERENCES public.catalog_category(id) DEFERRABLE INITIALLY DEFERRED;


--
-- Name: catalog_product_size catalog_product_size_product_id_c423860f_fk_catalog_product_id; Type: FK CONSTRAINT; Schema: public; Owner: generaladmin
--

ALTER TABLE ONLY public.catalog_product_size
    ADD CONSTRAINT catalog_product_size_product_id_c423860f_fk_catalog_product_id FOREIGN KEY (product_id) REFERENCES public.catalog_product(id) DEFERRABLE INITIALLY DEFERRED;


--
-- Name: catalog_product_size catalog_product_size_productsize_id_d2792dbe_fk_catalog_p; Type: FK CONSTRAINT; Schema: public; Owner: generaladmin
--

ALTER TABLE ONLY public.catalog_product_size
    ADD CONSTRAINT catalog_product_size_productsize_id_d2792dbe_fk_catalog_p FOREIGN KEY (productsize_id) REFERENCES public.catalog_productsize(id) DEFERRABLE INITIALLY DEFERRED;


--
-- Name: catalog_productimage catalog_productimage_product_id_1f42dd8c_fk_catalog_product_id; Type: FK CONSTRAINT; Schema: public; Owner: generaladmin
--

ALTER TABLE ONLY public.catalog_productimage
    ADD CONSTRAINT catalog_productimage_product_id_1f42dd8c_fk_catalog_product_id FOREIGN KEY (product_id) REFERENCES public.catalog_product(id) DEFERRABLE INITIALLY DEFERRED;


--
-- Name: django_admin_log django_admin_log_content_type_id_c4bce8eb_fk_django_co; Type: FK CONSTRAINT; Schema: public; Owner: generaladmin
--

ALTER TABLE ONLY public.django_admin_log
    ADD CONSTRAINT django_admin_log_content_type_id_c4bce8eb_fk_django_co FOREIGN KEY (content_type_id) REFERENCES public.django_content_type(id) DEFERRABLE INITIALLY DEFERRED;


--
-- Name: django_admin_log django_admin_log_user_id_c564eba6_fk_authentication_user_id; Type: FK CONSTRAINT; Schema: public; Owner: generaladmin
--

ALTER TABLE ONLY public.django_admin_log
    ADD CONSTRAINT django_admin_log_user_id_c564eba6_fk_authentication_user_id FOREIGN KEY (user_id) REFERENCES public.authentication_user(id) DEFERRABLE INITIALLY DEFERRED;


--
-- Name: order_order order_order_cart_id_d14f666c_fk_cart_cart_id; Type: FK CONSTRAINT; Schema: public; Owner: generaladmin
--

ALTER TABLE ONLY public.order_order
    ADD CONSTRAINT order_order_cart_id_d14f666c_fk_cart_cart_id FOREIGN KEY (cart_id) REFERENCES public.cart_cart(id) DEFERRABLE INITIALLY DEFERRED;


--
-- Name: socialaccount_socialtoken socialaccount_social_account_id_951f210e_fk_socialacc; Type: FK CONSTRAINT; Schema: public; Owner: generaladmin
--

ALTER TABLE ONLY public.socialaccount_socialtoken
    ADD CONSTRAINT socialaccount_social_account_id_951f210e_fk_socialacc FOREIGN KEY (account_id) REFERENCES public.socialaccount_socialaccount(id) DEFERRABLE INITIALLY DEFERRED;


--
-- Name: socialaccount_socialtoken socialaccount_social_app_id_636a42d7_fk_socialacc; Type: FK CONSTRAINT; Schema: public; Owner: generaladmin
--

ALTER TABLE ONLY public.socialaccount_socialtoken
    ADD CONSTRAINT socialaccount_social_app_id_636a42d7_fk_socialacc FOREIGN KEY (app_id) REFERENCES public.socialaccount_socialapp(id) DEFERRABLE INITIALLY DEFERRED;


--
-- Name: socialaccount_socialapp_sites socialaccount_social_site_id_2579dee5_fk_django_si; Type: FK CONSTRAINT; Schema: public; Owner: generaladmin
--

ALTER TABLE ONLY public.socialaccount_socialapp_sites
    ADD CONSTRAINT socialaccount_social_site_id_2579dee5_fk_django_si FOREIGN KEY (site_id) REFERENCES public.django_site(id) DEFERRABLE INITIALLY DEFERRED;


--
-- Name: socialaccount_socialapp_sites socialaccount_social_socialapp_id_97fb6e7d_fk_socialacc; Type: FK CONSTRAINT; Schema: public; Owner: generaladmin
--

ALTER TABLE ONLY public.socialaccount_socialapp_sites
    ADD CONSTRAINT socialaccount_social_socialapp_id_97fb6e7d_fk_socialacc FOREIGN KEY (socialapp_id) REFERENCES public.socialaccount_socialapp(id) DEFERRABLE INITIALLY DEFERRED;


--
-- Name: socialaccount_socialaccount socialaccount_social_user_id_8146e70c_fk_authentic; Type: FK CONSTRAINT; Schema: public; Owner: generaladmin
--

ALTER TABLE ONLY public.socialaccount_socialaccount
    ADD CONSTRAINT socialaccount_social_user_id_8146e70c_fk_authentic FOREIGN KEY (user_id) REFERENCES public.authentication_user(id) DEFERRABLE INITIALLY DEFERRED;


--
-- PostgreSQL database dump complete
--

